split,pred_x,pred_y,true_x,true_y,euclidean_error,conformal_radius,covered
calibration,-1434.5403,1161.7157,-1437.0,1155.0,7.151979,16.416217803955078,
calibration,-1424.0352,1153.199,-1437.0,1155.0,13.089342,16.416217803955078,
calibration,-1457.7994,1177.5286,-1437.0,1160.0,27.2005,16.416217803955078,
calibration,-1450.3394,1171.5045,-1437.0,1160.0,17.615116,16.416217803955078,
calibration,-1433.3988,1160.7826,-1437.0,1155.0,6.812268,16.416217803955078,
calibration,-1433.5889,1160.9769,-1437.0,1170.0,9.646328,16.416217803955078,
calibration,-1442.0571,1167.8446,-1437.0,1170.0,5.497298,16.416217803955078,
calibration,-1427.1716,1155.7356,-1437.0,1155.0,9.855858,16.416217803955078,
calibration,-1434.539,1161.7621,-1437.0,1170.0,8.597677,16.416217803955078,
calibration,-1432.3959,1159.9573,-1437.0,1165.0,6.8283997,16.416217803955078,
calibration,-1429.5142,1157.6384,-1437.0,1155.0,7.937197,16.416217803955078,
calibration,-1441.9785,1164.7551,-1437.0,1160.0,6.884537,16.416217803955078,
calibration,-1437.0747,1160.7953,-1437.0,1160.0,0.79878926,16.416217803955078,
calibration,-1429.9036,1158.0171,-1437.0,1170.0,13.926577,16.416217803955078,
calibration,-1436.5685,1163.3668,-1437.0,1155.0,8.377942,16.416217803955078,
calibration,-1431.3799,1159.171,-1437.0,1155.0,6.9987946,16.416217803955078,
calibration,-1434.8162,1161.9763,-1437.0,1170.0,8.315565,16.416217803955078,
calibration,-1422.2859,1148.8522,-1437.0,1160.0,18.460203,16.416217803955078,
calibration,-1425.6055,1154.4752,-1437.0,1155.0,11.40661,16.416217803955078,
calibration,-1434.9161,1162.0006,-1437.0,1165.0,3.6522348,16.416217803955078,
calibration,-1427.7185,1156.1909,-1437.0,1155.0,9.357586,16.416217803955078,
calibration,-1433.1718,1160.6332,-1437.0,1170.0,10.118934,16.416217803955078,
calibration,-1435.2168,1162.2902,-1437.0,1170.0,7.91337,16.416217803955078,
calibration,-1454.4521,1174.8281,-1437.0,1160.0,22.90089,16.416217803955078,
calibration,-1447.7289,1169.3969,-1437.0,1160.0,14.262177,16.416217803955078,
calibration,-1429.7426,1157.8549,-1437.0,1170.0,14.148321,16.416217803955078,
calibration,-1435.9236,1162.8162,-1437.0,1165.0,2.4347112,16.416217803955078,
calibration,-1438.313,1161.7955,-1437.0,1160.0,2.2243817,16.416217803955078,
calibration,-1431.6082,1159.335,-1437.0,1155.0,6.918373,16.416217803955078,
calibration,-1435.0977,1159.1976,-1437.0,1160.0,2.0646322,16.416217803955078,
calibration,-1423.5463,1152.7708,-1437.0,1165.0,18.18124,16.416217803955078,
calibration,-1434.4946,1161.6763,-1437.0,1165.0,4.162219,16.416217803955078,
calibration,-1425.9626,1154.7555,-1437.0,1155.0,11.040062,16.416217803955078,
calibration,-1440.0555,1166.1624,-1437.0,1165.0,3.2691593,16.416217803955078,
calibration,-1434.3617,1161.5682,-1437.0,1155.0,7.078305,16.416217803955078,
calibration,-1431.3098,1159.14,-1437.0,1170.0,12.260404,16.416217803955078,
calibration,-1445.867,1167.8931,-1437.0,1160.0,11.871107,16.416217803955078,
calibration,-1428.8773,1157.1611,-1437.0,1170.0,15.192579,16.416217803955078,
calibration,-1429.1935,1157.372,-1437.0,1155.0,8.158914,16.416217803955078,
calibration,-1428.1078,1156.4968,-1437.0,1155.0,9.017312,16.416217803955078,
calibration,-1433.9364,1161.2213,-1437.0,1155.0,6.9347224,16.416217803955078,
calibration,-1431.0281,1158.8759,-1437.0,1155.0,7.1194186,16.416217803955078,
calibration,-1426.7454,1155.3932,-1437.0,1155.0,10.262174,16.416217803955078,
calibration,-1430.9303,1158.8296,-1437.0,1170.0,12.71296,16.416217803955078,
calibration,-1439.9951,1166.1272,-1437.0,1165.0,3.2002032,16.416217803955078,
calibration,-1432.1781,1159.8364,-1437.0,1170.0,11.249398,16.416217803955078,
calibration,-1430.9407,1158.8334,-1437.0,1170.0,12.704683,16.416217803955078,
calibration,-1427.3376,1155.8708,-1437.0,1155.0,9.701518,16.416217803955078,
calibration,-1425.8792,1154.7386,-1437.0,1170.0,18.883383,16.416217803955078,
calibration,-1433.9612,1161.2242,-1437.0,1165.0,4.8467264,16.416217803955078,
calibration,-1455.5258,1175.6915,-1437.0,1160.0,24.278133,16.416217803955078,
calibration,-1428.1138,1156.5043,-1437.0,1155.0,9.012653,16.416217803955078,
calibration,-1429.2726,1157.422,-1437.0,1165.0,10.823082,16.416217803955078,
calibration,-1432.1902,1159.8358,-1437.0,1170.0,11.244775,16.416217803955078,
calibration,-1431.5598,1159.3297,-1437.0,1170.0,11.977089,16.416217803955078,
calibration,-1433.6948,1161.067,-1437.0,1170.0,9.52483,16.416217803955078,
calibration,-1428.3247,1156.6682,-1437.0,1155.0,8.834231,16.416217803955078,
calibration,-1428.6895,1156.9435,-1437.0,1165.0,11.574657,16.416217803955078,
calibration,-1430.905,1158.8097,-1437.0,1170.0,12.742514,16.416217803955078,
calibration,-1445.6089,1167.686,-1437.0,1160.0,11.540713,16.416217803955078,
calibration,-1435.0149,1159.1315,-1437.0,1160.0,2.166794,16.416217803955078,
calibration,-1428.3372,1156.6776,-1437.0,1155.0,8.823787,16.416217803955078,
calibration,-1435.5685,1159.5773,-1437.0,1160.0,1.4926304,16.416217803955078,
calibration,-1437.8201,1161.3976,-1437.0,1160.0,1.6204168,16.416217803955078,
calibration,-1436.3115,1160.1793,-1437.0,1160.0,0.71144646,16.416217803955078,
calibration,-1435.1997,1162.2252,-1437.0,1165.0,3.3076367,16.416217803955078,
calibration,-1424.9458,1153.92,-1437.0,1165.0,16.372818,16.416217803955078,
calibration,-1434.1978,1161.4961,-1437.0,1170.0,8.953714,16.416217803955078,
calibration,-1428.5619,1156.9049,-1437.0,1170.0,15.578292,16.416217803955078,
calibration,-1449.3569,1170.7126,-1437.0,1160.0,16.354038,16.416217803955078,
calibration,-1438.3606,1161.8334,-1437.0,1160.0,2.2830858,16.416217803955078,
calibration,-1433.4905,1160.8976,-1437.0,1170.0,9.755549,16.416217803955078,
calibration,-1444.5123,1166.8004,-1437.0,1160.0,10.13315,16.416217803955078,
calibration,-1428.208,1156.5752,-1437.0,1155.0,8.931986,16.416217803955078,
calibration,-1432.4678,1160.0118,-1437.0,1165.0,6.7396445,16.416217803955078,
calibration,-1426.0457,1154.8241,-1437.0,1155.0,10.955758,16.416217803955078,
calibration,-1436.3083,1163.1823,-1437.0,1170.0,6.8527427,16.416217803955078,
calibration,-1446.2345,1168.1901,-1437.0,1160.0,12.34314,16.416217803955078,
calibration,-1443.7009,1166.145,-1437.0,1160.0,9.091958,16.416217803955078,
calibration,-1441.7828,1167.5698,-1437.0,1165.0,5.429505,16.416217803955078,
calibration,-1427.6545,1156.1249,-1437.0,1155.0,9.412914,16.416217803955078,
calibration,-1429.968,1158.0264,-1437.0,1170.0,13.885844,16.416217803955078,
calibration,-1424.2927,1153.3964,-1437.0,1155.0,12.808064,16.416217803955078,
calibration,-1425.8987,1154.6881,-1437.0,1165.0,15.1517105,16.416217803955078,
calibration,-1442.2141,1164.9435,-1437.0,1160.0,7.1850514,16.416217803955078,
calibration,-1437.4839,1161.1251,-1437.0,1160.0,1.2247636,16.416217803955078,
calibration,-1431.3147,1156.1458,-1437.0,1160.0,6.8686166,16.416217803955078,
calibration,-1444.6318,1166.8956,-1437.0,1160.0,10.285652,16.416217803955078,
calibration,-1431.8369,1159.532,-1437.0,1155.0,6.869958,16.416217803955078,
calibration,-1427.1661,1152.795,-1437.0,1160.0,12.190826,16.416217803955078,
calibration,-1431.1589,1158.9669,-1437.0,1155.0,7.0607705,16.416217803955078,
calibration,-1433.888,1161.1743,-1437.0,1165.0,4.93161,16.416217803955078,
calibration,-1435.6489,1162.6742,-1437.0,1170.0,7.449351,16.416217803955078,
calibration,-1442.1075,1164.8597,-1437.0,1160.0,7.0501127,16.416217803955078,
calibration,-1439.6011,1165.8676,-1437.0,1170.0,4.882899,16.416217803955078,
calibration,-1452.4338,1173.1958,-1437.0,1160.0,20.305973,16.416217803955078,
calibration,-1423.5427,1152.7882,-1437.0,1155.0,13.637826,16.416217803955078,
calibration,-1439.167,1165.4899,-1437.0,1170.0,5.003713,16.416217803955078,
calibration,-1427.8162,1156.2593,-1437.0,1155.0,9.269772,16.416217803955078,
calibration,-1429.5323,1157.6898,-1437.0,1170.0,14.398138,16.416217803955078,
calibration,-1431.1814,1158.9884,-1437.0,1155.0,7.0543256,16.416217803955078,
calibration,-1433.843,1161.1759,-1437.0,1165.0,4.958856,16.416217803955078,
calibration,-1423.3549,1152.6469,-1437.0,1155.0,13.84656,16.416217803955078,
calibration,-1426.5647,1155.2545,-1437.0,1155.0,10.438406,16.416217803955078,
calibration,-1434.7863,1161.9451,-1437.0,1170.0,8.353598,16.416217803955078,
calibration,-1462.1099,1181.0082,-1437.0,1160.0,32.7391,16.416217803955078,
calibration,-1427.34,1155.8572,-1437.0,1165.0,13.300656,16.416217803955078,
calibration,-1426.3188,1155.0454,-1437.0,1155.0,10.681249,16.416217803955078,
calibration,-1426.3848,1155.0834,-1437.0,1165.0,14.52662,16.416217803955078,
calibration,-1433.2805,1160.7217,-1437.0,1170.0,9.996088,16.416217803955078,
calibration,-1436.971,1163.7231,-1437.0,1170.0,6.2769227,16.416217803955078,
calibration,-1440.2021,1163.3214,-1437.0,1160.0,4.613624,16.416217803955078,
calibration,-1432.2053,1156.864,-1437.0,1160.0,5.729166,16.416217803955078,
calibration,-1433.0588,1160.4781,-1437.0,1165.0,5.998324,16.416217803955078,
calibration,-1425.7771,1154.6598,-1437.0,1170.0,19.00725,16.416217803955078,
calibration,-1430.7883,1158.7057,-1437.0,1170.0,12.889775,16.416217803955078,
calibration,-1436.9426,1163.6635,-1437.0,1165.0,1.3377787,16.416217803955078,
calibration,-1432.751,1160.3082,-1437.0,1170.0,10.58228,16.416217803955078,
calibration,-1429.9283,1158.0067,-1437.0,1170.0,13.922903,16.416217803955078,
calibration,-1426.1415,1154.9066,-1437.0,1155.0,10.858922,16.416217803955078,
calibration,-1436.6962,1163.504,-1437.0,1170.0,6.503073,16.416217803955078,
calibration,-1433.5706,1160.97,-1437.0,1170.0,9.659322,16.416217803955078,
calibration,-1430.6569,1158.5659,-1437.0,1165.0,9.035089,16.416217803955078,
calibration,-1426.0115,1154.765,-1437.0,1165.0,15.016745,16.416217803955078,
calibration,-1457.1582,1177.0104,-1437.0,1160.0,26.37624,16.416217803955078,
calibration,-1448.3479,1169.8977,-1437.0,1160.0,15.057869,16.416217803955078,
calibration,-1432.2192,1159.8368,-1437.0,1155.0,6.8007526,16.416217803955078,
calibration,-1438.1003,1164.5646,-1437.0,1165.0,1.1833625,16.416217803955078,
calibration,-1439.8513,1163.0372,-1437.0,1160.0,4.1659083,16.416217803955078,
calibration,-1447.1019,1168.892,-1437.0,1160.0,13.457936,16.416217803955078,
calibration,-1427.1589,1155.7277,-1437.0,1155.0,9.867929,16.416217803955078,
calibration,-1453.5522,1174.0979,-1437.0,1160.0,21.7423,16.416217803955078,
calibration,-1431.709,1159.4523,-1437.0,1170.0,11.800401,16.416217803955078,
calibration,-1428.3339,1156.6843,-1437.0,1155.0,8.8283,16.416217803955078,
calibration,-1428.7388,1157.0005,-1437.0,1155.0,8.499993,16.416217803955078,
calibration,-1426.6517,1155.3362,-1437.0,1170.0,17.94754,16.416217803955078,
calibration,-1433.3904,1160.7772,-1437.0,1155.0,6.8121686,16.416217803955078,
calibration,-1456.5244,1176.4977,-1437.0,1160.0,25.561226,16.416217803955078,
calibration,-1428.5461,1156.8895,-1437.0,1170.0,15.599751,16.416217803955078,
calibration,-1442.7484,1165.3754,-1437.0,1160.0,7.870122,16.416217803955078,
calibration,-1431.3452,1159.1754,-1437.0,1170.0,12.212626,16.416217803955078,
calibration,-1437.4785,1164.0977,-1437.0,1165.0,1.0213723,16.416217803955078,
calibration,-1430.029,1158.092,-1437.0,1170.0,13.798318,16.416217803955078,
calibration,-1424.96,1154.0016,-1437.0,1170.0,20.022781,16.416217803955078,
calibration,-1420.8829,1150.6317,-1437.0,1155.0,16.698555,16.416217803955078,
calibration,-1448.1553,1169.7415,-1437.0,1160.0,14.809999,16.416217803955078,
calibration,-1434.4216,1161.6672,-1437.0,1170.0,8.722553,16.416217803955078,
calibration,-1437.3796,1164.0223,-1437.0,1165.0,1.0487834,16.416217803955078,
calibration,-1460.5809,1179.7738,-1437.0,1160.0,30.7744,16.416217803955078,
calibration,-1435.6918,1162.6489,-1437.0,1155.0,7.759995,16.416217803955078,
calibration,-1424.3018,1153.4054,-1437.0,1155.0,12.797974,16.416217803955078,
calibration,-1429.1644,1157.348,-1437.0,1155.0,8.179815,16.416217803955078,
calibration,-1446.532,1168.4315,-1437.0,1160.0,12.725925,16.416217803955078,
calibration,-1444.7059,1166.9559,-1437.0,1160.0,10.38106,16.416217803955078,
calibration,-1438.104,1164.5782,-1437.0,1165.0,1.1818206,16.416217803955078,
calibration,-1440.1726,1163.2955,-1437.0,1160.0,4.5744915,16.416217803955078,
calibration,-1438.0011,1164.582,-1437.0,1170.0,5.5096807,16.416217803955078,
calibration,-1437.1135,1160.8248,-1437.0,1160.0,0.832605,16.416217803955078,
calibration,-1439.1221,1165.4696,-1437.0,1170.0,5.0027657,16.416217803955078,
calibration,-1426.1143,1154.8862,-1437.0,1155.0,10.886337,16.416217803955078,
calibration,-1426.8765,1155.5121,-1437.0,1155.0,10.136478,16.416217803955078,
calibration,-1425.547,1154.415,-1437.0,1155.0,11.467932,16.416217803955078,
calibration,-1436.1621,1163.0712,-1437.0,1170.0,6.9793115,16.416217803955078,
calibration,-1435.9128,1162.792,-1437.0,1165.0,2.4611402,16.416217803955078,
calibration,-1429.9243,1158.0249,-1437.0,1170.0,13.9092865,16.416217803955078,
calibration,-1433.1635,1160.5458,-1437.0,1165.0,5.878708,16.416217803955078,
calibration,-1430.4377,1158.4343,-1437.0,1170.0,13.297669,16.416217803955078,
calibration,-1422.9087,1152.2863,-1437.0,1155.0,14.35024,16.416217803955078,
calibration,-1430.9819,1158.8541,-1437.0,1170.0,12.666793,16.416217803955078,
calibration,-1429.2081,1157.4257,-1437.0,1170.0,14.792812,16.416217803955078,
calibration,-1425.6887,1154.5664,-1437.0,1170.0,19.134808,16.416217803955078,
calibration,-1430.7302,1158.6265,-1437.0,1155.0,7.2430196,16.416217803955078,
calibration,-1428.9822,1157.1841,-1437.0,1165.0,11.197056,16.416217803955078,
calibration,-1430.3721,1158.36,-1437.0,1170.0,13.3947525,16.416217803955078,
calibration,-1436.0851,1162.9423,-1437.0,1165.0,2.251969,16.416217803955078,
calibration,-1429.21,1157.3972,-1437.0,1155.0,8.150543,16.416217803955078,
calibration,-1429.8169,1157.9106,-1437.0,1170.0,14.062344,16.416217803955078,
calibration,-1433.6646,1161.0077,-1437.0,1155.0,6.871504,16.416217803955078,
calibration,-1427.1116,1152.7513,-1437.0,1160.0,12.260671,16.416217803955078,
calibration,-1429.5914,1157.6693,-1437.0,1165.0,10.422375,16.416217803955078,
calibration,-1438.153,1164.6649,-1437.0,1170.0,5.458243,16.416217803955078,
calibration,-1433.0225,1160.4863,-1437.0,1155.0,6.776475,16.416217803955078,
calibration,-1428.3989,1156.7319,-1437.0,1155.0,8.773715,16.416217803955078,
calibration,-1431.1875,1158.9884,-1437.0,1155.0,7.049292,16.416217803955078,
calibration,-1438.7054,1162.1117,-1437.0,1160.0,2.7143679,16.416217803955078,
calibration,-1428.8923,1157.1627,-1437.0,1170.0,15.183214,16.416217803955078,
calibration,-1426.923,1155.5319,-1437.0,1155.0,10.091052,16.416217803955078,
calibration,-1434.9146,1162.0548,-1437.0,1170.0,8.214326,16.416217803955078,
calibration,-1425.5146,1154.3944,-1437.0,1155.0,11.501307,16.416217803955078,
calibration,-1433.2089,1157.674,-1437.0,1160.0,4.4478345,16.416217803955078,
calibration,-1429.4807,1157.611,-1437.0,1155.0,7.9596987,16.416217803955078,
calibration,-1430.725,1158.6549,-1437.0,1170.0,12.96484,16.416217803955078,
calibration,-1431.5225,1159.2692,-1437.0,1155.0,6.9447246,16.416217803955078,
calibration,-1424.5568,1153.6188,-1437.0,1155.0,12.519662,16.416217803955078,
calibration,-1424.4069,1153.4747,-1437.0,1165.0,17.071,16.416217803955078,
calibration,-1433.0735,1160.519,-1437.0,1165.0,5.957893,16.416217803955078,
calibration,-1448.781,1170.247,-1437.0,1160.0,15.613842,16.416217803955078,
calibration,-1441.7365,1164.5599,-1437.0,1160.0,6.574723,16.416217803955078,
calibration,-1433.1733,1157.6459,-1437.0,1160.0,4.4927983,16.416217803955078,
calibration,-1440.0411,1166.2186,-1437.0,1170.0,4.8525553,16.416217803955078,
calibration,-1429.7031,1157.7905,-1437.0,1155.0,7.812261,16.416217803955078,
calibration,-1447.2247,1168.9912,-1437.0,1160.0,13.61569,16.416217803955078,
calibration,-1427.0304,1155.6322,-1437.0,1170.0,17.4879,16.416217803955078,
calibration,-1434.209,1161.4987,-1437.0,1170.0,8.94777,16.416217803955078,
calibration,-1433.4407,1160.8601,-1437.0,1170.0,9.808488,16.416217803955078,
calibration,-1421.0112,1150.7599,-1437.0,1170.0,25.016447,16.416217803955078,
calibration,-1430.1449,1158.1475,-1437.0,1165.0,9.692766,16.416217803955078,
calibration,-1431.13,1158.945,-1437.0,1165.0,8.433298,16.416217803955078,
calibration,-1431.3103,1159.1364,-1437.0,1170.0,12.263421,16.416217803955078,
calibration,-1451.4148,1172.3726,-1437.0,1160.0,18.996487,16.416217803955078,
calibration,-1432.0913,1159.7688,-1437.0,1170.0,11.347807,16.416217803955078,
calibration,-1422.613,1152.0416,-1437.0,1155.0,14.687978,16.416217803955078,
calibration,-1444.1067,1166.4733,-1437.0,1160.0,9.61292,16.416217803955078,
calibration,-1428.0175,1156.454,-1437.0,1170.0,16.25364,16.416217803955078,
calibration,-1436.3367,1163.1771,-1437.0,1155.0,8.203985,16.416217803955078,
calibration,-1441.5076,1164.373,-1437.0,1160.0,6.2802634,16.416217803955078,
calibration,-1457.0411,1176.9158,-1437.0,1160.0,26.225761,16.416217803955078,
calibration,-1442.9606,1165.5479,-1437.0,1160.0,8.142915,16.416217803955078,
calibration,-1446.0287,1168.0238,-1437.0,1160.0,12.07885,16.416217803955078,
calibration,-1432.278,1159.9183,-1437.0,1170.0,11.1327305,16.416217803955078,
calibration,-1456.2513,1176.2777,-1437.0,1160.0,25.210672,16.416217803955078,
calibration,-1423.2268,1152.547,-1437.0,1155.0,13.989927,16.416217803955078,
calibration,-1431.7258,1159.4329,-1437.0,1165.0,7.6687613,16.416217803955078,
calibration,-1424.7397,1153.7548,-1437.0,1155.0,12.323329,16.416217803955078,
calibration,-1433.1729,1160.5795,-1437.0,1165.0,5.847065,16.416217803955078,
calibration,-1431.1237,1158.9707,-1437.0,1170.0,12.497071,16.416217803955078,
calibration,-1448.742,1170.216,-1437.0,1160.0,15.564019,16.416217803955078,
calibration,-1427.4169,1155.9349,-1437.0,1155.0,9.628629,16.416217803955078,
calibration,-1414.6194,1142.6635,-1437.0,1160.0,28.309855,16.416217803955078,
calibration,-1428.8159,1157.0741,-1437.0,1155.0,8.442813,16.416217803955078,
calibration,-1428.6666,1156.9525,-1437.0,1155.0,8.559056,16.416217803955078,
calibration,-1425.2568,1154.1776,-1437.0,1165.0,15.969533,16.416217803955078,
calibration,-1459.1069,1178.5847,-1437.0,1160.0,28.880932,16.416217803955078,
calibration,-1431.0028,1158.8646,-1437.0,1165.0,8.579577,16.416217803955078,
calibration,-1427.3055,1155.8416,-1437.0,1155.0,9.730916,16.416217803955078,
calibration,-1439.3035,1165.6199,-1437.0,1170.0,4.948886,16.416217803955078,
calibration,-1429.2499,1157.4553,-1437.0,1170.0,14.745621,16.416217803955078,
calibration,-1431.289,1159.049,-1437.0,1165.0,8.248102,16.416217803955078,
calibration,-1429.4099,1157.553,-1437.0,1155.0,8.007942,16.416217803955078,
calibration,-1433.9298,1158.2539,-1437.0,1160.0,3.5319843,16.416217803955078,
calibration,-1434.2515,1161.4913,-1437.0,1165.0,4.457038,16.416217803955078,
calibration,-1429.9089,1157.9622,-1437.0,1165.0,9.990716,16.416217803955078,
calibration,-1423.2122,1149.6024,-1437.0,1160.0,17.268883,16.416217803955078,
calibration,-1425.8198,1154.6838,-1437.0,1170.0,18.962626,16.416217803955078,
calibration,-1443.711,1169.1991,-1437.0,1170.0,6.758681,16.416217803955078,
calibration,-1434.5083,1161.7401,-1437.0,1170.0,8.627532,16.416217803955078,
calibration,-1423.8761,1150.1382,-1437.0,1160.0,16.416218,16.416217803955078,
calibration,-1428.6913,1157.0111,-1437.0,1170.0,15.419016,16.416217803955078,
calibration,-1430.5454,1158.4562,-1437.0,1165.0,9.191483,16.416217803955078,
calibration,-1429.8951,1157.9272,-1437.0,1165.0,10.025111,16.416217803955078,
calibration,-1431.698,1159.4457,-1437.0,1170.0,11.81122,16.416217803955078,
calibration,-1426.2507,1155.0227,-1437.0,1170.0,18.43546,16.416217803955078,
calibration,-1433.5742,1160.9612,-1437.0,1170.0,9.666241,16.416217803955078,
calibration,-1425.3909,1154.2913,-1437.0,1155.0,11.630746,16.416217803955078,
calibration,-1430.9667,1158.8556,-1437.0,1170.0,12.672761,16.416217803955078,
calibration,-1426.4221,1155.1338,-1437.0,1155.0,10.578727,16.416217803955078,
calibration,-1435.1198,1162.1925,-1437.0,1155.0,7.434209,16.416217803955078,
calibration,-1431.7574,1159.4734,-1437.0,1170.0,11.759843,16.416217803955078,
calibration,-1429.2986,1157.4971,-1437.0,1170.0,14.684518,16.416217803955078,
calibration,-1434.5552,1158.7631,-1437.0,1160.0,2.7399237,16.416217803955078,
calibration,-1438.5918,1165.0392,-1437.0,1170.0,5.2099433,16.416217803955078,
calibration,-1433.4547,1160.7979,-1437.0,1165.0,5.4979196,16.416217803955078,
calibration,-1435.4413,1162.4954,-1437.0,1170.0,7.6648026,16.416217803955078,
calibration,-1430.6964,1158.5753,-1437.0,1165.0,9.000654,16.416217803955078,
calibration,-1443.7351,1166.174,-1437.0,1160.0,9.136703,16.416217803955078,
calibration,-1426.8073,1155.4447,-1437.0,1155.0,10.202446,16.416217803955078,
calibration,-1430.5178,1158.4503,-1437.0,1155.0,7.34325,16.416217803955078,
calibration,-1437.468,1161.1139,-1437.0,1160.0,1.2082198,16.416217803955078,
calibration,-1427.1438,1155.6993,-1437.0,1155.0,9.8809805,16.416217803955078,
calibration,-1431.3247,1159.1395,-1437.0,1170.0,12.253932,16.416217803955078,
calibration,-1438.3638,1161.837,-1437.0,1160.0,2.287918,16.416217803955078,
calibration,-1434.6395,1161.8345,-1437.0,1170.0,8.499863,16.416217803955078,
calibration,-1431.5321,1159.306,-1437.0,1170.0,12.010781,16.416217803955078,
calibration,-1430.2686,1158.2461,-1437.0,1155.0,7.473251,16.416217803955078,
calibration,-1443.0658,1165.6329,-1437.0,1160.0,8.277912,16.416217803955078,
calibration,-1469.4672,1186.9487,-1437.0,1160.0,42.194202,16.416217803955078,
calibration,-1446.2418,1168.1964,-1437.0,1160.0,12.35283,16.416217803955078,
calibration,-1430.4268,1158.4298,-1437.0,1170.0,13.307021,16.416217803955078,
calibration,-1428.4639,1156.783,-1437.0,1155.0,8.72035,16.416217803955078,
calibration,-1442.146,1164.8893,-1437.0,1160.0,7.098335,16.416217803955078,
calibration,-1434.6099,1161.7593,-1437.0,1165.0,4.0267897,16.416217803955078,
calibration,-1440.1504,1166.2476,-1437.0,1165.0,3.388416,16.416217803955078,
calibration,-1428.3777,1156.7279,-1437.0,1165.0,11.948717,16.416217803955078,
calibration,-1433.0802,1157.5692,-1437.0,1160.0,4.612326,16.416217803955078,
calibration,-1439.6069,1165.8458,-1437.0,1165.0,2.7407157,16.416217803955078,
calibration,-1431.1287,1158.9991,-1437.0,1170.0,12.46962,16.416217803955078,
calibration,-1437.9199,1164.5133,-1437.0,1170.0,5.5632787,16.416217803955078,
calibration,-1431.541,1159.2574,-1437.0,1165.0,7.923221,16.416217803955078,
calibration,-1429.5559,1157.7089,-1437.0,1170.0,14.36964,16.416217803955078,
calibration,-1433.4355,1160.8663,-1437.0,1170.0,9.80455,16.416217803955078,
calibration,-1402.5537,1132.9194,-1437.0,1160.0,43.816708,16.416217803955078,
calibration,-1445.666,1167.7311,-1437.0,1160.0,11.613329,16.416217803955078,
calibration,-1438.2822,1164.7909,-1437.0,1170.0,5.3645964,16.416217803955078,
calibration,-1429.9097,1157.9515,-1437.0,1155.0,7.6801295,16.416217803955078,
calibration,-1430.137,1158.1387,-1437.0,1155.0,7.546691,16.416217803955078,
calibration,-1438.3245,1164.8038,-1437.0,1170.0,5.3623085,16.416217803955078,
calibration,-1441.1428,1164.08,-1437.0,1160.0,5.8145523,16.416217803955078,
calibration,-1428.6996,1156.9764,-1437.0,1155.0,8.532479,16.416217803955078,
calibration,-1431.21,1159.0114,-1437.0,1155.0,7.043827,16.416217803955078,
calibration,-1431.7144,1159.4459,-1437.0,1155.0,6.906828,16.416217803955078,
calibration,-1430.6973,1158.5615,-1437.0,1165.0,9.009908,16.416217803955078,
calibration,-1428.2783,1156.6366,-1437.0,1155.0,8.873902,16.416217803955078,
calibration,-1436.593,1163.3704,-1437.0,1155.0,8.38025,16.416217803955078,
calibration,-1421.4766,1148.1998,-1437.0,1160.0,19.49926,16.416217803955078,
calibration,-1428.833,1157.142,-1437.0,1170.0,15.23249,16.416217803955078,
calibration,-1432.9155,1160.442,-1437.0,1170.0,10.394132,16.416217803955078,
calibration,-1440.5758,1163.6224,-1437.0,1160.0,5.0900326,16.416217803955078,
calibration,-1445.4946,1167.593,-1437.0,1160.0,11.393535,16.416217803955078,
calibration,-1427.9215,1156.3489,-1437.0,1155.0,9.178152,16.416217803955078,
calibration,-1425.489,1151.4393,-1437.0,1160.0,14.345308,16.416217803955078,
calibration,-1437.1274,1163.7955,-1437.0,1165.0,1.211191,16.416217803955078,
calibration,-1435.5474,1162.5028,-1437.0,1165.0,2.8889658,16.416217803955078,
calibration,-1426.5157,1155.2406,-1437.0,1170.0,18.104128,16.416217803955078,
calibration,-1431.5664,1159.3287,-1437.0,1165.0,7.854119,16.416217803955078,
calibration,-1439.574,1162.8124,-1437.0,1160.0,3.8124552,16.416217803955078,
calibration,-1436.1267,1163.0306,-1437.0,1170.0,7.023861,16.416217803955078,
calibration,-1433.1328,1160.6158,-1437.0,1170.0,10.149755,16.416217803955078,
calibration,-1428.0308,1156.4738,-1437.0,1170.0,16.229805,16.416217803955078,
calibration,-1447.1548,1168.9335,-1437.0,1160.0,13.525035,16.416217803955078,
calibration,-1450.8997,1171.9569,-1437.0,1160.0,18.33489,16.416217803955078,
calibration,-1437.4138,1161.07,-1437.0,1160.0,1.1471838,16.416217803955078,
calibration,-1430.165,1158.2081,-1437.0,1170.0,13.6295595,16.416217803955078,
calibration,-1436.1453,1160.0433,-1437.0,1160.0,0.8558341,16.416217803955078,
calibration,-1431.6008,1159.3234,-1437.0,1155.0,6.916828,16.416217803955078,
calibration,-1434.0955,1161.3542,-1437.0,1155.0,6.9866176,16.416217803955078,
calibration,-1432.8939,1160.3795,-1437.0,1155.0,6.7675023,16.416217803955078,
calibration,-1431.6001,1159.3805,-1437.0,1170.0,11.913559,16.416217803955078,
calibration,-1449.5508,1170.8685,-1437.0,1160.0,16.602623,16.416217803955078,
calibration,-1427.061,1155.6447,-1437.0,1155.0,9.959849,16.416217803955078,
calibration,-1429.6421,1157.7152,-1437.0,1165.0,10.354082,16.416217803955078,
calibration,-1429.7838,1157.843,-1437.0,1165.0,10.163451,16.416217803955078,
calibration,-1423.605,1149.9183,-1437.0,1160.0,16.76504,16.416217803955078,
calibration,-1425.9038,1154.704,-1437.0,1155.0,11.10014,16.416217803955078,
calibration,-1439.3799,1165.6749,-1437.0,1170.0,4.9366083,16.416217803955078,
calibration,-1431.6364,1159.3514,-1437.0,1155.0,6.9067903,16.416217803955078,
calibration,-1435.2621,1162.3369,-1437.0,1170.0,7.857686,16.416217803955078,
calibration,-1455.9419,1176.0284,-1437.0,1160.0,24.81343,16.416217803955078,
calibration,-1449.887,1171.14,-1437.0,1160.0,17.034487,16.416217803955078,
calibration,-1428.1289,1156.4982,-1437.0,1165.0,12.287288,16.416217803955078,
calibration,-1431.8043,1159.496,-1437.0,1155.0,6.8708687,16.416217803955078,
calibration,-1430.2065,1158.1736,-1437.0,1165.0,9.630733,16.416217803955078,
calibration,-1427.0165,1155.6124,-1437.0,1155.0,10.002288,16.416217803955078,
calibration,-1440.0438,1166.1866,-1437.0,1165.0,3.266954,16.416217803955078,
calibration,-1444.2368,1166.577,-1437.0,1160.0,9.778997,16.416217803955078,
calibration,-1430.7228,1158.6261,-1437.0,1155.0,7.249283,16.416217803955078,
calibration,-1423.2322,1152.5382,-1437.0,1155.0,13.986184,16.416217803955078,
calibration,-1435.0173,1159.1328,-1437.0,1160.0,2.164019,16.416217803955078,
calibration,-1444.2351,1166.5781,-1437.0,1160.0,9.778472,16.416217803955078,
calibration,-1434.375,1161.5525,-1437.0,1165.0,4.3331223,16.416217803955078,
calibration,-1432.5405,1160.1315,-1437.0,1170.0,10.829349,16.416217803955078,
calibration,-1430.7573,1158.6954,-1437.0,1170.0,12.913721,16.416217803955078,
calibration,-1434.2103,1161.4813,-1437.0,1165.0,4.490363,16.416217803955078,
calibration,-1430.544,1158.5286,-1437.0,1170.0,13.163376,16.416217803955078,
calibration,-1433.0283,1160.4916,-1437.0,1155.0,6.77729,16.416217803955078,
calibration,-1437.4629,1164.1107,-1437.0,1170.0,5.9074454,16.416217803955078,
calibration,-1436.6211,1163.4368,-1437.0,1170.0,6.5741606,16.416217803955078,
calibration,-1428.6588,1156.9254,-1437.0,1165.0,11.609235,16.416217803955078,
calibration,-1423.4496,1149.7952,-1437.0,1160.0,16.963266,16.416217803955078,
calibration,-1431.0472,1158.8792,-1437.0,1155.0,7.1051493,16.416217803955078,
calibration,-1413.5818,1141.8258,-1437.0,1160.0,29.643112,16.416217803955078,
calibration,-1420.9688,1147.7896,-1437.0,1160.0,20.151825,16.416217803955078,
calibration,-1428.7999,1157.0255,-1437.0,1165.0,11.438253,16.416217803955078,
calibration,-1432.5122,1160.1024,-1437.0,1170.0,10.867495,16.416217803955078,
calibration,-1431.2661,1159.0964,-1437.0,1170.0,12.319301,16.416217803955078,
calibration,-1430.0897,1158.1417,-1437.0,1170.0,13.724819,16.416217803955078,
calibration,-1427.19,1155.7549,-1437.0,1155.0,9.83906,16.416217803955078,
calibration,-1431.7446,1159.442,-1437.0,1155.0,6.8811655,16.416217803955078,
calibration,-1424.9802,1153.9584,-1437.0,1155.0,12.064825,16.416217803955078,
calibration,-1425.1466,1154.0917,-1437.0,1165.0,16.108833,16.416217803955078,
calibration,-1433.4196,1160.8226,-1437.0,1165.0,5.5018167,16.416217803955078,
calibration,-1425.032,1154.0015,-1437.0,1155.0,12.009601,16.416217803955078,
calibration,-1430.6738,1158.6366,-1437.0,1170.0,13.005668,16.416217803955078,
calibration,-1429.0552,1157.268,-1437.0,1155.0,8.262191,16.416217803955078,
calibration,-1438.7883,1165.185,-1437.0,1170.0,5.13632,16.416217803955078,
calibration,-1429.3569,1157.5548,-1437.0,1170.0,14.604767,16.416217803955078,
calibration,-1430.2783,1158.2211,-1437.0,1165.0,9.546458,16.416217803955078,
calibration,-1434.0957,1161.3202,-1437.0,1165.0,4.68785,16.416217803955078,
calibration,-1434.8273,1158.9811,-1437.0,1160.0,2.399782,16.416217803955078,
calibration,-1429.0315,1157.2457,-1437.0,1155.0,8.278912,16.416217803955078,
calibration,-1426.9507,1155.5465,-1437.0,1155.0,10.064166,16.416217803955078,
calibration,-1433.0172,1160.5101,-1437.0,1170.0,10.291754,16.416217803955078,
calibration,-1428.9927,1157.2023,-1437.0,1165.0,11.176844,16.416217803955078,
calibration,-1431.8441,1156.5729,-1437.0,1160.0,6.1909866,16.416217803955078,
calibration,-1426.5339,1155.2178,-1437.0,1155.0,10.468329,16.416217803955078,
calibration,-1440.6328,1166.6539,-1437.0,1165.0,3.991593,16.416217803955078,
calibration,-1432.7979,1160.3286,-1437.0,1170.0,10.544846,16.416217803955078,
calibration,-1434.6526,1161.8324,-1437.0,1170.0,8.4982395,16.416217803955078,
calibration,-1437.3796,1164.014,-1437.0,1165.0,1.0565257,16.416217803955078,
calibration,-1434.2522,1161.5211,-1437.0,1170.0,8.913016,16.416217803955078,
calibration,-1433.3739,1160.8187,-1437.0,1165.0,5.5345864,16.416217803955078,
calibration,-1432.9827,1160.4596,-1437.0,1155.0,6.778359,16.416217803955078,
calibration,-1436.261,1163.1055,-1437.0,1165.0,2.0335658,16.416217803955078,
calibration,-1427.4352,1155.9536,-1437.0,1155.0,9.61224,16.416217803955078,
calibration,-1434.1302,1161.3912,-1437.0,1155.0,7.005952,16.416217803955078,
calibration,-1426.3628,1155.0829,-1437.0,1155.0,10.63753,16.416217803955078,
calibration,-1435.2633,1162.3027,-1437.0,1165.0,3.2080133,16.416217803955078,
calibration,-1427.8523,1156.2863,-1437.0,1155.0,9.237693,16.416217803955078,
calibration,-1424.0984,1153.2418,-1437.0,1155.0,13.020859,16.416217803955078,
calibration,-1426.3673,1155.1163,-1437.0,1170.0,18.291464,16.416217803955078,
calibration,-1440.4912,1166.5737,-1437.0,1165.0,3.8295145,16.416217803955078,
calibration,-1438.0216,1164.5789,-1437.0,1170.0,5.516563,16.416217803955078,
calibration,-1431.2817,1159.0697,-1437.0,1155.0,7.0186176,16.416217803955078,
calibration,-1437.1315,1160.8414,-1437.0,1160.0,0.8516395,16.416217803955078,
calibration,-1425.412,1154.3478,-1437.0,1170.0,19.47496,16.416217803955078,
calibration,-1468.4534,1186.13,-1437.0,1160.0,40.891216,16.416217803955078,
calibration,-1432.2811,1159.851,-1437.0,1165.0,6.9843,16.416217803955078,
calibration,-1427.77,1156.2279,-1437.0,1155.0,9.311299,16.416217803955078,
calibration,-1439.4304,1165.7139,-1437.0,1170.0,4.9272585,16.416217803955078,
calibration,-1441.4631,1164.339,-1437.0,1160.0,6.2246604,16.416217803955078,
calibration,-1438.1361,1161.6515,-1437.0,1160.0,2.0045345,16.416217803955078,
calibration,-1430.8914,1158.7498,-1437.0,1155.0,7.167718,16.416217803955078,
calibration,-1445.0583,1167.2406,-1437.0,1160.0,10.833434,16.416217803955078,
calibration,-1435.7561,1162.6832,-1437.0,1165.0,2.629584,16.416217803955078,
calibration,-1441.5753,1164.4288,-1437.0,1160.0,6.3677382,16.416217803955078,
calibration,-1443.4269,1168.9459,-1437.0,1165.0,7.541558,16.416217803955078,
calibration,-1431.5898,1159.361,-1437.0,1170.0,11.935616,16.416217803955078,
calibration,-1432.2737,1159.9175,-1437.0,1165.0,6.9404674,16.416217803955078,
calibration,-1425.8855,1154.7051,-1437.0,1155.0,11.118414,16.416217803955078,
calibration,-1435.6704,1162.61,-1437.0,1165.0,2.734955,16.416217803955078,
calibration,-1430.4562,1158.4373,-1437.0,1170.0,13.286033,16.416217803955078,
calibration,-1436.7712,1163.5109,-1437.0,1165.0,1.5066042,16.416217803955078,
calibration,-1433.7476,1161.0792,-1437.0,1155.0,6.894587,16.416217803955078,
calibration,-1431.9968,1159.6836,-1437.0,1170.0,11.4656,16.416217803955078,
calibration,-1439.5455,1165.7894,-1437.0,1165.0,2.6651325,16.416217803955078,
calibration,-1432.0591,1159.7501,-1437.0,1170.0,11.378606,16.416217803955078,
calibration,-1431.0159,1158.8859,-1437.0,1165.0,8.55526,16.416217803955078,
calibration,-1433.8401,1161.1287,-1437.0,1165.0,4.9972296,16.416217803955078,
calibration,-1431.3115,1159.0962,-1437.0,1155.0,7.009818,16.416217803955078,
calibration,-1427.6909,1156.1604,-1437.0,1155.0,9.381126,16.416217803955078,
calibration,-1436.1561,1163.0022,-1437.0,1165.0,2.1687176,16.416217803955078,
calibration,-1431.72,1159.431,-1437.0,1165.0,7.6741214,16.416217803955078,
calibration,-1425.7317,1154.5531,-1437.0,1165.0,15.365953,16.416217803955078,
calibration,-1435.4241,1162.4644,-1437.0,1170.0,7.698668,16.416217803955078,
calibration,-1435.7277,1162.6678,-1437.0,1165.0,2.656649,16.416217803955078,
calibration,-1432.2715,1159.9172,-1437.0,1170.0,11.136471,16.416217803955078,
calibration,-1437.6827,1161.2877,-1437.0,1160.0,1.4575167,16.416217803955078,
calibration,-1462.6178,1181.4176,-1437.0,1160.0,33.391396,16.416217803955078,
calibration,-1429.1934,1157.3756,-1437.0,1155.0,8.160096,16.416217803955078,
calibration,-1433.7405,1161.0999,-1437.0,1170.0,9.478243,16.416217803955078,
calibration,-1431.8206,1159.5444,-1437.0,1170.0,11.66814,16.416217803955078,
calibration,-1430.8884,1158.7793,-1437.0,1170.0,12.777147,16.416217803955078,
calibration,-1407.4696,1136.8892,-1437.0,1160.0,37.498734,16.416217803955078,
calibration,-1431.0087,1158.8955,-1437.0,1170.0,12.617679,16.416217803955078,
calibration,-1439.0337,1165.3345,-1437.0,1165.0,2.0610125,16.416217803955078,
calibration,-1430.7443,1158.6298,-1437.0,1155.0,7.232525,16.416217803955078,
calibration,-1430.6437,1158.5308,-1437.0,1165.0,9.069393,16.416217803955078,
calibration,-1437.872,1161.4398,-1437.0,1160.0,1.6832628,16.416217803955078,
calibration,-1434.5631,1161.736,-1437.0,1155.0,7.163213,16.416217803955078,
calibration,-1429.8146,1157.9303,-1437.0,1165.0,10.08023,16.416217803955078,
calibration,-1431.3118,1159.1239,-1437.0,1170.0,12.273773,16.416217803955078,
calibration,-1426.5142,1155.2047,-1437.0,1155.0,10.487838,16.416217803955078,
calibration,-1445.2216,1167.3739,-1437.0,1160.0,11.043932,16.416217803955078,
calibration,-1427.9202,1156.3094,-1437.0,1165.0,12.568575,16.416217803955078,
calibration,-1432.3087,1159.9291,-1437.0,1170.0,11.109979,16.416217803955078,
calibration,-1431.6394,1159.3573,-1437.0,1155.0,6.9081144,16.416217803955078,
calibration,-1431.355,1159.1616,-1437.0,1170.0,12.22034,16.416217803955078,
calibration,-1441.7607,1167.5476,-1437.0,1165.0,5.399534,16.416217803955078,
calibration,-1426.8055,1155.4374,-1437.0,1155.0,10.203836,16.416217803955078,
calibration,-1443.3627,1165.8727,-1437.0,1160.0,8.658635,16.416217803955078,
calibration,-1430.718,1158.5809,-1437.0,1165.0,8.981522,16.416217803955078,
calibration,-1428.2975,1156.6545,-1437.0,1155.0,8.858401,16.416217803955078,
calibration,-1433.8605,1161.1481,-1437.0,1165.0,4.969304,16.416217803955078,
calibration,-1440.7787,1163.786,-1437.0,1160.0,5.3490515,16.416217803955078,
calibration,-1432.2515,1156.9005,-1437.0,1160.0,5.6705737,16.416217803955078,
calibration,-1432.5774,1160.1282,-1437.0,1165.0,6.5798287,16.416217803955078,
calibration,-1440.8213,1163.82,-1437.0,1160.0,5.4031696,16.416217803955078,
calibration,-1429.4929,1157.653,-1437.0,1170.0,14.450113,16.416217803955078,
calibration,-1431.2238,1159.0648,-1437.0,1170.0,12.367021,16.416217803955078,
calibration,-1438.2087,1164.7236,-1437.0,1165.0,1.2399322,16.416217803955078,
calibration,-1427.6123,1156.0951,-1437.0,1155.0,9.451352,16.416217803955078,
calibration,-1440.4431,1163.5143,-1437.0,1160.0,4.9198804,16.416217803955078,
calibration,-1446.4434,1168.3595,-1437.0,1160.0,12.611829,16.416217803955078,
calibration,-1440.6416,1166.7008,-1437.0,1165.0,4.019204,16.416217803955078,
calibration,-1429.7883,1157.8633,-1437.0,1155.0,7.759289,16.416217803955078,
calibration,-1431.4689,1159.2483,-1437.0,1170.0,12.091014,16.416217803955078,
calibration,-1428.3077,1156.6667,-1437.0,1155.0,8.850618,16.416217803955078,
calibration,-1429.9854,1158.0199,-1437.0,1165.0,9.895813,16.416217803955078,
calibration,-1430.3413,1158.3124,-1437.0,1155.0,7.437071,16.416217803955078,
calibration,-1433.0184,1160.4586,-1437.0,1165.0,6.0396214,16.416217803955078,
calibration,-1423.6788,1152.8763,-1437.0,1165.0,18.012123,16.416217803955078,
test,-1429.1199,1157.3125,-1437.0,1155.0,8.212433,16.416217803955078,1.0
test,-1426.0554,1154.8536,-1437.0,1170.0,18.68679,16.416217803955078,0.0
test,-1429.7456,1157.8226,-1437.0,1155.0,7.784182,16.416217803955078,1.0
test,-1436.9468,1160.6923,-1437.0,1160.0,0.69430363,16.416217803955078,1.0
test,-1429.9136,1157.976,-1437.0,1165.0,9.977709,16.416217803955078,1.0
test,-1446.3259,1168.2655,-1437.0,1160.0,12.4616,16.416217803955078,1.0
test,-1434.7152,1161.8671,-1437.0,1165.0,3.8775694,16.416217803955078,1.0
test,-1428.3351,1156.6809,-1437.0,1155.0,8.826451,16.416217803955078,1.0
test,-1435.6821,1162.6444,-1437.0,1155.0,7.757176,16.416217803955078,1.0
test,-1456.4288,1176.4213,-1437.0,1160.0,25.438896,16.416217803955078,0.0
test,-1447.4535,1169.1742,-1437.0,1160.0,13.9083185,16.416217803955078,1.0
test,-1408.3191,1137.577,-1437.0,1160.0,36.405827,16.416217803955078,0.0
test,-1425.9573,1154.7504,-1437.0,1155.0,11.045546,16.416217803955078,1.0
test,-1432.7715,1160.2904,-1437.0,1165.0,6.3293467,16.416217803955078,1.0
test,-1432.7556,1157.3096,-1437.0,1160.0,5.0252576,16.416217803955078,1.0
test,-1438.0306,1161.5652,-1437.0,1160.0,1.8740394,16.416217803955078,1.0
test,-1431.6206,1159.3286,-1437.0,1165.0,7.8168097,16.416217803955078,1.0
test,-1431.7876,1159.5159,-1437.0,1170.0,11.708379,16.416217803955078,1.0
test,-1426.0024,1154.7755,-1437.0,1165.0,15.016206,16.416217803955078,1.0
test,-1434.6221,1161.8202,-1437.0,1170.0,8.518441,16.416217803955078,1.0
test,-1431.8093,1159.4948,-1437.0,1165.0,7.56643,16.416217803955078,1.0
test,-1425.1521,1154.1035,-1437.0,1155.0,11.881768,16.416217803955078,1.0
test,-1429.863,1157.9586,-1437.0,1170.0,13.9975395,16.416217803955078,1.0
test,-1433.3029,1160.7147,-1437.0,1155.0,6.8063874,16.416217803955078,1.0
test,-1431.8242,1159.4812,-1437.0,1165.0,7.5660987,16.416217803955078,1.0
test,-1435.0602,1162.1177,-1437.0,1165.0,3.4742901,16.416217803955078,1.0
test,-1426.5818,1155.2565,-1437.0,1155.0,10.42137,16.416217803955078,1.0
test,-1428.2798,1156.6322,-1437.0,1155.0,8.871654,16.416217803955078,1.0
test,-1428.1196,1156.508,-1437.0,1165.0,12.287151,16.416217803955078,1.0
test,-1427.7582,1156.2133,-1437.0,1155.0,9.321118,16.416217803955078,1.0
test,-1428.3325,1156.6758,-1437.0,1155.0,8.827993,16.416217803955078,1.0
test,-1427.0703,1155.7018,-1437.0,1170.0,17.407978,16.416217803955078,0.0
test,-1435.1206,1162.1469,-1437.0,1165.0,3.4165165,16.416217803955078,1.0
test,-1432.8591,1160.3932,-1437.0,1170.0,10.461244,16.416217803955078,1.0
test,-1431.8251,1159.5221,-1437.0,1155.0,6.872351,16.416217803955078,1.0
test,-1427.8213,1153.3245,-1437.0,1160.0,11.349517,16.416217803955078,1.0
test,-1437.9109,1164.4065,-1437.0,1165.0,1.0871832,16.416217803955078,1.0
test,-1426.0402,1151.8849,-1437.0,1160.0,13.637196,16.416217803955078,1.0
test,-1442.7195,1165.3522,-1437.0,1160.0,7.8331494,16.416217803955078,1.0
test,-1440.4297,1166.5303,-1437.0,1170.0,4.8787045,16.416217803955078,1.0
test,-1444.56,1169.8121,-1437.0,1165.0,8.961647,16.416217803955078,1.0
test,-1451.1249,1172.1376,-1437.0,1160.0,18.62345,16.416217803955078,0.0
test,-1431.3145,1159.0703,-1437.0,1165.0,8.215025,16.416217803955078,1.0
test,-1434.4456,1161.6831,-1437.0,1170.0,8.70034,16.416217803955078,1.0
test,-1429.1824,1157.3657,-1437.0,1165.0,10.926915,16.416217803955078,1.0
test,-1430.9039,1158.7823,-1437.0,1170.0,12.767057,16.416217803955078,1.0
test,-1428.5286,1156.8345,-1437.0,1155.0,8.667786,16.416217803955078,1.0
test,-1439.7476,1162.9536,-1437.0,1160.0,4.0339694,16.416217803955078,1.0
test,-1433.167,1160.6415,-1437.0,1170.0,10.113053,16.416217803955078,1.0
test,-1439.7119,1165.9009,-1437.0,1165.0,2.857632,16.416217803955078,1.0
test,-1436.5582,1163.3082,-1437.0,1165.0,1.7485014,16.416217803955078,1.0
test,-1448.1775,1169.7596,-1437.0,1160.0,14.8386965,16.416217803955078,1.0
test,-1431.6617,1159.3842,-1437.0,1155.0,6.9078074,16.416217803955078,1.0
test,-1433.984,1161.2322,-1437.0,1165.0,4.8262496,16.416217803955078,1.0
test,-1437.0093,1163.7502,-1437.0,1170.0,6.249763,16.416217803955078,1.0
test,-1436.1111,1163.025,-1437.0,1170.0,7.0313907,16.416217803955078,1.0
test,-1424.6733,1153.709,-1437.0,1155.0,12.394082,16.416217803955078,1.0
test,-1428.6038,1153.9559,-1437.0,1160.0,10.345414,16.416217803955078,1.0
test,-1431.5935,1159.3268,-1437.0,1155.0,6.924682,16.416217803955078,1.0
test,-1430.2205,1158.2478,-1437.0,1170.0,13.567472,16.416217803955078,1.0
test,-1432.4583,1160.0492,-1437.0,1170.0,10.938282,16.416217803955078,1.0
test,-1425.5901,1154.4799,-1437.0,1170.0,19.262941,16.416217803955078,0.0
test,-1428.626,1156.8975,-1437.0,1165.0,11.65227,16.416217803955078,1.0
test,-1442.7422,1165.37,-1437.0,1160.0,7.8619056,16.416217803955078,1.0
test,-1423.553,1152.7755,-1437.0,1165.0,18.17307,16.416217803955078,0.0
test,-1446.8469,1168.6854,-1437.0,1160.0,13.130061,16.416217803955078,1.0
test,-1428.7087,1156.9801,-1437.0,1155.0,8.524424,16.416217803955078,1.0
test,-1434.1606,1161.4218,-1437.0,1155.0,7.0214562,16.416217803955078,1.0
test,-1436.7223,1163.4642,-1437.0,1165.0,1.5606736,16.416217803955078,1.0
test,-1437.282,1163.891,-1437.0,1165.0,1.1442965,16.416217803955078,1.0
test,-1434.9912,1162.1315,-1437.0,1170.0,8.120899,16.416217803955078,1.0
test,-1428.0315,1156.4348,-1437.0,1155.0,9.082554,16.416217803955078,1.0
test,-1432.2571,1159.901,-1437.0,1170.0,11.157288,16.416217803955078,1.0
test,-1434.584,1161.7543,-1437.0,1165.0,4.046218,16.416217803955078,1.0
test,-1436.2965,1163.1904,-1437.0,1170.0,6.8458123,16.416217803955078,1.0
test,-1431.698,1159.4609,-1437.0,1170.0,11.797587,16.416217803955078,1.0
test,-1445.885,1167.9081,-1437.0,1160.0,11.894585,16.416217803955078,1.0
test,-1432.6372,1157.2137,-1437.0,1160.0,5.176599,16.416217803955078,1.0
test,-1432.5913,1160.132,-1437.0,1155.0,6.7656155,16.416217803955078,1.0
test,-1430.9348,1155.8383,-1437.0,1160.0,7.3557177,16.416217803955078,1.0
test,-1426.7922,1155.4343,-1437.0,1165.0,13.989302,16.416217803955078,1.0
test,-1435.763,1162.7482,-1437.0,1170.0,7.356587,16.416217803955078,1.0
test,-1421.9434,1151.4994,-1437.0,1155.0,15.458224,16.416217803955078,1.0
test,-1429.4087,1157.5923,-1437.0,1170.0,14.545767,16.416217803955078,1.0
test,-1425.6564,1154.5072,-1437.0,1155.0,11.354327,16.416217803955078,1.0
test,-1425.9258,1154.705,-1437.0,1165.0,15.120392,16.416217803955078,1.0
test,-1434.148,1161.3989,-1437.0,1165.0,4.5936837,16.416217803955078,1.0
test,-1425.3008,1154.2565,-1437.0,1170.0,19.614548,16.416217803955078,0.0
test,-1432.856,1160.3385,-1437.0,1165.0,6.2372003,16.416217803955078,1.0
test,-1430.123,1158.1672,-1437.0,1170.0,13.686007,16.416217803955078,1.0
test,-1438.634,1162.0548,-1437.0,1160.0,2.6253204,16.416217803955078,1.0
test,-1419.9744,1146.9899,-1437.0,1160.0,21.427454,16.416217803955078,0.0
test,-1430.0587,1158.111,-1437.0,1170.0,13.767014,16.416217803955078,1.0
test,-1425.3552,1154.2675,-1437.0,1155.0,11.667794,16.416217803955078,1.0
test,-1430.733,1158.6233,-1437.0,1155.0,7.239,16.416217803955078,1.0
test,-1436.7825,1163.5674,-1437.0,1170.0,6.436294,16.416217803955078,1.0
test,-1462.6084,1181.4105,-1437.0,1160.0,33.379642,16.416217803955078,0.0
test,-1455.6477,1175.7922,-1437.0,1160.0,24.436277,16.416217803955078,0.0
test,-1427.4548,1155.962,-1437.0,1155.0,9.593524,16.416217803955078,1.0
test,-1423.9822,1153.1549,-1437.0,1155.0,13.14793,16.416217803955078,1.0
test,-1423.11,1152.4402,-1437.0,1165.0,18.72649,16.416217803955078,0.0
test,-1448.2762,1169.8407,-1437.0,1160.0,14.966397,16.416217803955078,1.0
test,-1434.8354,1161.9767,-1437.0,1170.0,8.310166,16.416217803955078,1.0
test,-1428.6611,1154.0018,-1437.0,1160.0,10.272037,16.416217803955078,1.0
test,-1432.0233,1159.688,-1437.0,1170.0,11.450109,16.416217803955078,1.0
test,-1427.9701,1156.4219,-1437.0,1170.0,16.306585,16.416217803955078,1.0
test,-1433.9937,1161.3068,-1437.0,1170.0,9.198397,16.416217803955078,1.0
test,-1434.9448,1162.0676,-1437.0,1170.0,8.1942835,16.416217803955078,1.0
test,-1432.5857,1160.1959,-1437.0,1170.0,10.752025,16.416217803955078,1.0
test,-1438.9434,1165.2872,-1437.0,1165.0,1.9644713,16.416217803955078,1.0
test,-1446.3043,1168.2473,-1437.0,1160.0,12.433366,16.416217803955078,1.0
test,-1439.3828,1162.6571,-1437.0,1160.0,3.5690334,16.416217803955078,1.0
test,-1451.5245,1172.4618,-1437.0,1160.0,19.137878,16.416217803955078,0.0
test,-1445.2971,1167.4341,-1437.0,1160.0,11.140367,16.416217803955078,1.0
test,-1429.4413,1157.6129,-1437.0,1170.0,14.51117,16.416217803955078,1.0
test,-1430.4515,1158.369,-1437.0,1165.0,9.319456,16.416217803955078,1.0
test,-1437.5953,1164.1593,-1437.0,1165.0,1.0301454,16.416217803955078,1.0
test,-1427.8853,1156.302,-1437.0,1165.0,12.598959,16.416217803955078,1.0
test,-1441.6826,1167.5095,-1437.0,1165.0,5.312683,16.416217803955078,1.0
test,-1427.5797,1156.0697,-1437.0,1155.0,9.480827,16.416217803955078,1.0
test,-1428.8947,1154.1903,-1437.0,1160.0,9.972421,16.416217803955078,1.0
test,-1448.7557,1170.2257,-1437.0,1160.0,15.580836,16.416217803955078,1.0
test,-1428.041,1156.4432,-1437.0,1155.0,9.074488,16.416217803955078,1.0
test,-1432.7385,1160.2972,-1437.0,1170.0,10.597343,16.416217803955078,1.0
test,-1434.2567,1161.4537,-1437.0,1165.0,4.4834824,16.416217803955078,1.0
test,-1430.9946,1158.8739,-1437.0,1170.0,12.64336,16.416217803955078,1.0
test,-1460.1276,1179.4071,-1437.0,1160.0,30.191387,16.416217803955078,0.0
test,-1438.0383,1164.5394,-1437.0,1165.0,1.1358941,16.416217803955078,1.0
test,-1428.4163,1156.735,-1437.0,1155.0,8.757327,16.416217803955078,1.0
test,-1436.3281,1163.163,-1437.0,1165.0,1.9560465,16.416217803955078,1.0
test,-1424.6084,1150.7289,-1437.0,1160.0,15.475963,16.416217803955078,1.0
test,-1446.4719,1168.3833,-1437.0,1160.0,12.648994,16.416217803955078,1.0
test,-1423.4878,1152.7582,-1437.0,1155.0,13.696916,16.416217803955078,1.0
test,-1436.3654,1163.1908,-1437.0,1155.0,8.215345,16.416217803955078,1.0
test,-1430.1416,1155.1974,-1437.0,1160.0,8.372736,16.416217803955078,1.0
test,-1429.2642,1157.4376,-1437.0,1165.0,10.818169,16.416217803955078,1.0
test,-1444.6392,1166.9037,-1437.0,1160.0,10.296488,16.416217803955078,1.0
test,-1432.2781,1159.921,-1437.0,1170.0,11.130247,16.416217803955078,1.0
test,-1435.6472,1162.6537,-1437.0,1170.0,7.469829,16.416217803955078,1.0
test,-1430.9501,1158.7592,-1437.0,1165.0,8.6919365,16.416217803955078,1.0
test,-1447.4152,1169.1442,-1437.0,1160.0,13.859702,16.416217803955078,1.0
test,-1429.3394,1157.492,-1437.0,1155.0,8.055759,16.416217803955078,1.0
test,-1428.6715,1156.9539,-1437.0,1155.0,8.554608,16.416217803955078,1.0
test,-1430.06,1158.0806,-1437.0,1155.0,7.592936,16.416217803955078,1.0
test,-1431.4427,1159.2286,-1437.0,1170.0,12.120449,16.416217803955078,1.0
test,-1431.3435,1156.1671,-1437.0,1160.0,6.832784,16.416217803955078,1.0
test,-1433.212,1160.6735,-1437.0,1170.0,10.066428,16.416217803955078,1.0
test,-1432.6213,1160.2146,-1437.0,1165.0,6.48635,16.416217803955078,1.0
test,-1434.0718,1158.3699,-1437.0,1160.0,3.351388,16.416217803955078,1.0
test,-1430.0353,1158.0662,-1437.0,1155.0,7.6097765,16.416217803955078,1.0
test,-1431.1162,1158.9329,-1437.0,1155.0,7.0771728,16.416217803955078,1.0
test,-1430.68,1158.5682,-1437.0,1165.0,9.017167,16.416217803955078,1.0
test,-1428.114,1156.5347,-1437.0,1170.0,16.13307,16.416217803955078,1.0
test,-1434.8563,1161.9929,-1437.0,1170.0,8.28907,16.416217803955078,1.0
test,-1429.6576,1157.7689,-1437.0,1165.0,10.305311,16.416217803955078,1.0
test,-1429.7554,1157.878,-1437.0,1170.0,14.121838,16.416217803955078,1.0
test,-1431.7642,1159.4305,-1437.0,1165.0,7.6441402,16.416217803955078,1.0
test,-1432.1836,1156.8456,-1437.0,1160.0,5.757441,16.416217803955078,1.0
test,-1423.904,1153.0549,-1437.0,1165.0,17.725363,16.416217803955078,0.0
test,-1437.5659,1161.1914,-1437.0,1160.0,1.3189814,16.416217803955078,1.0
test,-1426.4155,1155.11,-1437.0,1165.0,14.485974,16.416217803955078,1.0
test,-1433.2722,1160.6654,-1437.0,1165.0,5.717087,16.416217803955078,1.0
test,-1435.347,1159.4009,-1437.0,1160.0,1.7581818,16.416217803955078,1.0
test,-1431.7068,1159.4117,-1437.0,1165.0,7.697189,16.416217803955078,1.0
test,-1428.3801,1156.7437,-1437.0,1170.0,15.81243,16.416217803955078,1.0
test,-1432.8043,1160.3038,-1437.0,1155.0,6.7627187,16.416217803955078,1.0
test,-1425.0787,1151.109,-1437.0,1160.0,14.87166,16.416217803955078,1.0
test,-1382.8912,1117.0433,-1437.0,1160.0,69.08714,16.416217803955078,0.0
test,-1436.1389,1160.0403,-1437.0,1160.0,0.86202574,16.416217803955078,1.0
test,-1440.1821,1163.3031,-1437.0,1160.0,4.5865474,16.416217803955078,1.0
test,-1437.0817,1163.8048,-1437.0,1170.0,6.195729,16.416217803955078,1.0
test,-1446.5455,1168.442,-1437.0,1160.0,12.743031,16.416217803955078,1.0
test,-1434.2559,1161.5452,-1437.0,1165.0,4.4120502,16.416217803955078,1.0
test,-1428.8911,1157.1315,-1437.0,1155.0,8.384343,16.416217803955078,1.0
test,-1437.404,1164.0559,-1437.0,1165.0,1.0269216,16.416217803955078,1.0
test,-1441.6816,1167.4865,-1437.0,1165.0,5.3009615,16.416217803955078,1.0
test,-1432.5239,1160.1371,-1437.0,1170.0,10.831081,16.416217803955078,1.0
test,-1450.5632,1171.6859,-1437.0,1160.0,17.903124,16.416217803955078,0.0
test,-1428.6339,1156.924,-1437.0,1155.0,8.584464,16.416217803955078,1.0
test,-1430.1392,1158.1439,-1437.0,1155.0,7.546878,16.416217803955078,1.0
test,-1426.2876,1155.0133,-1437.0,1155.0,10.71241,16.416217803955078,1.0
test,-1425.9902,1154.7374,-1437.0,1165.0,15.051091,16.416217803955078,1.0
test,-1426.9192,1155.532,-1437.0,1155.0,10.094837,16.416217803955078,1.0
test,-1428.9167,1157.1239,-1437.0,1165.0,11.285915,16.416217803955078,1.0
test,-1427.0707,1155.6582,-1437.0,1155.0,9.951114,16.416217803955078,1.0
test,-1427.3353,1155.8694,-1437.0,1155.0,9.703696,16.416217803955078,1.0
test,-1435.8427,1162.7384,-1437.0,1165.0,2.5405266,16.416217803955078,1.0
test,-1435.9739,1162.8594,-1437.0,1165.0,2.3738585,16.416217803955078,1.0
test,-1426.5891,1155.2634,-1437.0,1155.0,10.414221,16.416217803955078,1.0
test,-1440.7928,1166.7632,-1437.0,1165.0,4.182643,16.416217803955078,1.0
test,-1431.968,1159.6754,-1437.0,1170.0,11.485552,16.416217803955078,1.0
test,-1430.6321,1158.5477,-1437.0,1165.0,9.06544,16.416217803955078,1.0
test,-1434.253,1161.5162,-1437.0,1170.0,8.917398,16.416217803955078,1.0
test,-1433.7561,1161.0842,-1437.0,1165.0,5.0848923,16.416217803955078,1.0
test,-1427.9542,1156.403,-1437.0,1170.0,16.331127,16.416217803955078,1.0
test,-1432.9177,1160.3872,-1437.0,1165.0,6.1597753,16.416217803955078,1.0
test,-1431.3556,1159.173,-1437.0,1170.0,12.2099905,16.416217803955078,1.0
test,-1434.9315,1162.0006,-1437.0,1165.0,3.643481,16.416217803955078,1.0
test,-1437.616,1164.2169,-1437.0,1165.0,0.9963087,16.416217803955078,1.0
test,-1437.7393,1161.3308,-1437.0,1160.0,1.522353,16.416217803955078,1.0
test,-1439.6667,1165.8344,-1437.0,1165.0,2.7942235,16.416217803955078,1.0
test,-1432.1477,1159.7784,-1437.0,1165.0,7.128073,16.416217803955078,1.0
test,-1426.4701,1155.1678,-1437.0,1155.0,10.531245,16.416217803955078,1.0
test,-1427.1323,1155.7146,-1437.0,1155.0,9.893517,16.416217803955078,1.0
test,-1431.2507,1159.0833,-1437.0,1170.0,12.33813,16.416217803955078,1.0
test,-1450.4966,1171.6307,-1437.0,1160.0,17.816614,16.416217803955078,0.0
test,-1445.5641,1167.6508,-1437.0,1160.0,11.4838,16.416217803955078,1.0
test,-1425.9446,1154.7421,-1437.0,1155.0,11.058429,16.416217803955078,1.0
test,-1439.9897,1166.1102,-1437.0,1165.0,3.1892304,16.416217803955078,1.0
test,-1428.2058,1156.6251,-1437.0,1170.0,16.007034,16.416217803955078,1.0
test,-1450.4108,1171.5625,-1437.0,1160.0,17.707062,16.416217803955078,0.0
test,-1447.8662,1169.507,-1437.0,1160.0,14.438033,16.416217803955078,1.0
test,-1426.7012,1155.3573,-1437.0,1155.0,10.305024,16.416217803955078,1.0
test,-1434.6215,1158.8125,-1437.0,1160.0,2.6584976,16.416217803955078,1.0
test,-1428.3716,1156.7557,-1437.0,1170.0,15.806963,16.416217803955078,1.0
test,-1432.1322,1159.7614,-1437.0,1155.0,6.8092537,16.416217803955078,1.0
test,-1443.8154,1166.2377,-1437.0,1160.0,9.238973,16.416217803955078,1.0
test,-1440.7223,1166.7257,-1437.0,1165.0,4.102866,16.416217803955078,1.0
test,-1449.2351,1170.6144,-1437.0,1160.0,16.19762,16.416217803955078,1.0
test,-1426.7495,1155.3971,-1437.0,1155.0,10.258177,16.416217803955078,1.0
test,-1428.4226,1156.8016,-1437.0,1170.0,15.740664,16.416217803955078,1.0
test,-1428.4746,1156.8007,-1437.0,1155.0,8.713475,16.416217803955078,1.0
test,-1435.9266,1159.8688,-1437.0,1160.0,1.081356,16.416217803955078,1.0
test,-1427.6987,1156.1686,-1437.0,1155.0,9.374391,16.416217803955078,1.0
test,-1448.7561,1170.226,-1437.0,1160.0,15.581273,16.416217803955078,1.0
test,-1437.5848,1164.2021,-1437.0,1165.0,0.989244,16.416217803955078,1.0
test,-1428.6854,1154.0204,-1437.0,1160.0,10.241482,16.416217803955078,1.0
test,-1437.0068,1163.7592,-1437.0,1165.0,1.2408636,16.416217803955078,1.0
test,-1431.3246,1159.1415,-1437.0,1170.0,12.252256,16.416217803955078,1.0
test,-1446.0925,1168.0776,-1437.0,1160.0,12.162332,16.416217803955078,1.0
test,-1437.1235,1163.8397,-1437.0,1170.0,6.161517,16.416217803955078,1.0
test,-1427.5007,1156.0367,-1437.0,1170.0,16.88812,16.416217803955078,0.0
test,-1429.3824,1157.5311,-1437.0,1155.0,8.027062,16.416217803955078,1.0
test,-1429.6956,1157.8141,-1437.0,1170.0,14.20744,16.416217803955078,1.0
test,-1430.4246,1158.3735,-1437.0,1155.0,7.3903413,16.416217803955078,1.0
test,-1447.782,1169.4408,-1437.0,1160.0,14.331077,16.416217803955078,1.0
test,-1430.3594,1158.287,-1437.0,1165.0,9.442587,16.416217803955078,1.0
test,-1428.1558,1156.5284,-1437.0,1155.0,8.975338,16.416217803955078,1.0
test,-1457.0782,1176.9459,-1437.0,1160.0,26.273567,16.416217803955078,0.0
test,-1431.5742,1159.3447,-1437.0,1170.0,11.957171,16.416217803955078,1.0
test,-1430.5874,1158.5022,-1437.0,1155.0,7.306627,16.416217803955078,1.0
test,-1427.8636,1156.3364,-1437.0,1170.0,16.436733,16.416217803955078,0.0
test,-1426.1978,1152.0116,-1437.0,1160.0,13.435144,16.416217803955078,1.0
test,-1454.739,1175.0573,-1437.0,1160.0,23.267862,16.416217803955078,0.0
test,-1456.2949,1176.3146,-1437.0,1160.0,25.267754,16.416217803955078,0.0
test,-1432.0262,1159.7145,-1437.0,1170.0,11.424982,16.416217803955078,1.0
test,-1431.5513,1156.3351,-1437.0,1160.0,6.5666037,16.416217803955078,1.0
test,-1454.4119,1174.7928,-1437.0,1160.0,22.84735,16.416217803955078,0.0
test,-1439.7336,1165.9476,-1437.0,1170.0,4.888199,16.416217803955078,1.0
test,-1429.3108,1157.5123,-1437.0,1165.0,10.732621,16.416217803955078,1.0
test,-1436.8938,1163.6082,-1437.0,1165.0,1.3958914,16.416217803955078,1.0
test,-1433.507,1160.8795,-1437.0,1155.0,6.838864,16.416217803955078,1.0
test,-1437.6394,1161.2511,-1437.0,1160.0,1.4050215,16.416217803955078,1.0
test,-1440.3787,1163.4633,-1437.0,1160.0,4.838337,16.416217803955078,1.0
test,-1427.2795,1155.8331,-1437.0,1155.0,9.756097,16.416217803955078,1.0
test,-1433.3645,1160.7211,-1437.0,1165.0,5.6148105,16.416217803955078,1.0
test,-1445.034,1167.2227,-1437.0,1160.0,10.803372,16.416217803955078,1.0
test,-1432.1775,1159.8529,-1437.0,1170.0,11.234774,16.416217803955078,1.0
test,-1442.1958,1164.9308,-1437.0,1160.0,7.16303,16.416217803955078,1.0
test,-1428.4503,1156.7828,-1437.0,1155.0,8.733589,16.416217803955078,1.0
test,-1425.7216,1154.5371,-1437.0,1165.0,15.384256,16.416217803955078,1.0
test,-1430.5522,1158.4807,-1437.0,1155.0,7.3272705,16.416217803955078,1.0
test,-1443.6902,1166.1375,-1437.0,1160.0,9.078926,16.416217803955078,1.0
test,-1424.627,1153.6688,-1437.0,1155.0,12.444449,16.416217803955078,1.0
test,-1434.1958,1161.4448,-1437.0,1155.0,7.028463,16.416217803955078,1.0
test,-1431.6273,1159.3287,-1437.0,1165.0,7.812102,16.416217803955078,1.0
test,-1441.5862,1167.4113,-1437.0,1165.0,5.1814294,16.416217803955078,1.0
test,-1427.5042,1155.9994,-1437.0,1155.0,9.548295,16.416217803955078,1.0
test,-1433.0293,1160.5277,-1437.0,1165.0,5.9806237,16.416217803955078,1.0
test,-1428.6587,1156.9453,-1437.0,1155.0,8.565143,16.416217803955078,1.0
test,-1427.043,1155.6178,-1437.0,1165.0,13.680943,16.416217803955078,1.0
test,-1433.6719,1160.9684,-1437.0,1165.0,5.2278433,16.416217803955078,1.0
test,-1429.8931,1157.9445,-1437.0,1155.0,7.692746,16.416217803955078,1.0
test,-1427.4086,1155.9316,-1437.0,1155.0,9.636571,16.416217803955078,1.0
test,-1448.9746,1170.4025,-1437.0,1160.0,15.861985,16.416217803955078,1.0
test,-1444.2667,1166.6022,-1437.0,1160.0,9.818043,16.416217803955078,1.0
test,-1428.4795,1156.7955,-1437.0,1155.0,8.70764,16.416217803955078,1.0
test,-1429.8962,1157.994,-1437.0,1170.0,13.950161,16.416217803955078,1.0
test,-1433.5587,1160.8842,-1437.0,1165.0,5.364943,16.416217803955078,1.0
test,-1437.1543,1163.8196,-1437.0,1165.0,1.1904615,16.416217803955078,1.0
test,-1419.0848,1146.2681,-1437.0,1160.0,22.572527,16.416217803955078,0.0
test,-1428.7561,1157.0565,-1437.0,1170.0,15.345864,16.416217803955078,1.0
test,-1431.3845,1159.1382,-1437.0,1165.0,8.117542,16.416217803955078,1.0
test,-1435.2537,1162.2676,-1437.0,1165.0,3.2428114,16.416217803955078,1.0
test,-1437.4847,1164.1449,-1437.0,1170.0,5.875134,16.416217803955078,1.0
test,-1428.6257,1153.973,-1437.0,1160.0,10.317597,16.416217803955078,1.0
test,-1431.9362,1159.6576,-1437.0,1170.0,11.51555,16.416217803955078,1.0
test,-1434.4288,1161.6224,-1437.0,1155.0,7.104053,16.416217803955078,1.0
test,-1432.906,1160.3846,-1437.0,1155.0,6.764257,16.416217803955078,1.0
test,-1431.1237,1158.9214,-1437.0,1165.0,8.45464,16.416217803955078,1.0
test,-1437.6511,1164.198,-1437.0,1165.0,1.0330384,16.416217803955078,1.0
test,-1428.4314,1156.7565,-1437.0,1165.0,11.890196,16.416217803955078,1.0
test,-1438.3574,1161.8334,-1437.0,1160.0,2.2811959,16.416217803955078,1.0
test,-1426.1642,1154.9199,-1437.0,1155.0,10.836111,16.416217803955078,1.0
test,-1428.7473,1157.0482,-1437.0,1170.0,15.357587,16.416217803955078,1.0
test,-1431.95,1159.6461,-1437.0,1170.0,11.519803,16.416217803955078,1.0
test,-1434.6204,1161.8447,-1437.0,1170.0,8.495361,16.416217803955078,1.0
test,-1465.3475,1183.6226,-1437.0,1160.0,36.89997,16.416217803955078,0.0
test,-1450.4048,1171.5585,-1437.0,1160.0,17.699902,16.416217803955078,0.0
test,-1431.1963,1159.0142,-1437.0,1165.0,8.337466,16.416217803955078,1.0
test,-1427.7163,1156.1783,-1437.0,1155.0,9.358174,16.416217803955078,1.0
test,-1429.0415,1154.3082,-1437.0,1160.0,9.784371,16.416217803955078,1.0
test,-1433.1152,1157.5983,-1437.0,1160.0,4.567245,16.416217803955078,1.0
test,-1427.7991,1156.2423,-1437.0,1165.0,12.702528,16.416217803955078,1.0
test,-1438.627,1162.0485,-1437.0,1160.0,2.6159458,16.416217803955078,1.0
test,-1420.0736,1147.0667,-1437.0,1160.0,21.30198,16.416217803955078,0.0
test,-1433.0076,1160.4349,-1437.0,1165.0,6.0645947,16.416217803955078,1.0
test,-1422.3394,1151.8202,-1437.0,1165.0,19.714003,16.416217803955078,0.0
test,-1433.156,1160.5925,-1437.0,1155.0,6.786212,16.416217803955078,1.0
test,-1436.2089,1160.0958,-1437.0,1160.0,0.7969199,16.416217803955078,1.0
test,-1432.1143,1159.7329,-1437.0,1165.0,7.1841984,16.416217803955078,1.0
test,-1427.2922,1152.8966,-1437.0,1160.0,12.029085,16.416217803955078,1.0
test,-1440.6321,1163.6686,-1437.0,1160.0,5.1624103,16.416217803955078,1.0
test,-1425.9888,1154.7748,-1437.0,1155.0,11.013534,16.416217803955078,1.0
test,-1432.9534,1160.4648,-1437.0,1170.0,10.358302,16.416217803955078,1.0
test,-1423.437,1152.7605,-1437.0,1170.0,21.935247,16.416217803955078,0.0
test,-1456.6207,1176.5778,-1437.0,1160.0,25.686476,16.416217803955078,0.0
test,-1453.7211,1174.2355,-1437.0,1160.0,21.96003,16.416217803955078,0.0
test,-1446.6223,1168.5048,-1437.0,1160.0,12.842114,16.416217803955078,1.0
test,-1432.237,1159.847,-1437.0,1155.0,6.795546,16.416217803955078,1.0
test,-1438.0134,1164.555,-1437.0,1170.0,5.5384545,16.416217803955078,1.0
test,-1444.3131,1166.6385,-1437.0,1160.0,9.876838,16.416217803955078,1.0
test,-1433.5051,1160.8608,-1437.0,1165.0,5.4172673,16.416217803955078,1.0
test,-1443.4352,1165.9313,-1437.0,1160.0,8.751661,16.416217803955078,1.0
test,-1430.6744,1158.6211,-1437.0,1170.0,13.018918,16.416217803955078,1.0
test,-1423.958,1153.1296,-1437.0,1155.0,13.175425,16.416217803955078,1.0
test,-1429.7871,1157.8551,-1437.0,1155.0,7.7574096,16.416217803955078,1.0
test,-1437.2847,1160.9645,-1437.0,1160.0,1.0056106,16.416217803955078,1.0
test,-1438.4613,1164.929,-1437.0,1170.0,5.2773957,16.416217803955078,1.0
test,-1425.3384,1154.4253,-1437.0,1165.0,15.742231,16.416217803955078,1.0
test,-1430.7898,1158.7141,-1437.0,1170.0,12.88169,16.416217803955078,1.0
test,-1430.2621,1155.2946,-1437.0,1160.0,8.218315,16.416217803955078,1.0
test,-1427.8961,1156.3221,-1437.0,1155.0,9.199388,16.416217803955078,1.0
test,-1427.9508,1153.4276,-1437.0,1160.0,11.184105,16.416217803955078,1.0
test,-1449.4126,1170.7568,-1437.0,1160.0,16.425045,16.416217803955078,0.0
test,-1427.136,1155.7115,-1437.0,1155.0,9.889645,16.416217803955078,1.0
test,-1432.9417,1160.4374,-1437.0,1170.0,10.388164,16.416217803955078,1.0
test,-1429.211,1157.4226,-1437.0,1170.0,14.793863,16.416217803955078,1.0
test,-1434.6084,1161.7744,-1437.0,1155.0,7.18418,16.416217803955078,1.0
test,-1452.1343,1172.9551,-1437.0,1160.0,19.921858,16.416217803955078,0.0
test,-1430.6902,1158.5939,-1437.0,1155.0,7.2615204,16.416217803955078,1.0
test,-1433.2365,1157.6971,-1437.0,1160.0,4.412194,16.416217803955078,1.0
test,-1437.0974,1163.7557,-1437.0,1165.0,1.24807,16.416217803955078,1.0
test,-1429.3193,1157.4847,-1437.0,1155.0,8.072579,16.416217803955078,1.0
test,-1425.7383,1154.6019,-1437.0,1170.0,19.076868,16.416217803955078,0.0
test,-1428.9828,1157.2074,-1437.0,1155.0,8.315545,16.416217803955078,1.0
test,-1432.4763,1160.085,-1437.0,1170.0,10.898243,16.416217803955078,1.0
test,-1431.3633,1159.1366,-1437.0,1165.0,8.133394,16.416217803955078,1.0
test,-1431.8025,1159.4901,-1437.0,1155.0,6.8684216,16.416217803955078,1.0
test,-1437.5917,1164.1764,-1437.0,1165.0,1.0141054,16.416217803955078,1.0
test,-1428.8083,1157.0331,-1437.0,1165.0,11.426939,16.416217803955078,1.0
test,-1435.1848,1162.2744,-1437.0,1170.0,7.9359674,16.416217803955078,1.0
test,-1444.2816,1166.6149,-1437.0,1160.0,9.837602,16.416217803955078,1.0
test,-1428.1346,1156.5742,-1437.0,1170.0,16.088696,16.416217803955078,1.0
test,-1434.0186,1158.3258,-1437.0,1160.0,3.4193482,16.416217803955078,1.0
test,-1437.0164,1160.7495,-1437.0,1160.0,0.7496902,16.416217803955078,1.0
test,-1439.8767,1166.073,-1437.0,1170.0,4.867936,16.416217803955078,1.0
test,-1450.3147,1171.4847,-1437.0,1160.0,17.583527,16.416217803955078,0.0
test,-1436.5452,1163.3385,-1437.0,1165.0,1.7226297,16.416217803955078,1.0
test,-1417.8572,1148.1635,-1437.0,1165.0,25.49347,16.416217803955078,0.0
test,-1434.5002,1161.7157,-1437.0,1170.0,8.653233,16.416217803955078,1.0
test,-1453.6973,1174.2155,-1437.0,1160.0,21.928926,16.416217803955078,0.0
test,-1429.6387,1157.7379,-1437.0,1155.0,7.854001,16.416217803955078,1.0
test,-1427.8804,1156.3082,-1437.0,1155.0,9.212985,16.416217803955078,1.0
test,-1424.4803,1153.5533,-1437.0,1155.0,12.602958,16.416217803955078,1.0
test,-1445.6572,1167.7234,-1437.0,1160.0,11.60165,16.416217803955078,1.0
test,-1428.9705,1157.1675,-1437.0,1165.0,11.217035,16.416217803955078,1.0
test,-1438.4321,1164.8534,-1437.0,1165.0,1.4396133,16.416217803955078,1.0
test,-1430.1382,1158.1415,-1437.0,1165.0,9.701743,16.416217803955078,1.0
test,-1432.5227,1160.1063,-1437.0,1170.0,10.859605,16.416217803955078,1.0
test,-1428.5083,1156.8682,-1437.0,1170.0,15.638225,16.416217803955078,1.0
test,-1436.8448,1163.5436,-1437.0,1165.0,1.4646617,16.416217803955078,1.0
test,-1434.6067,1161.7554,-1437.0,1165.0,4.0318174,16.416217803955078,1.0
test,-1433.5211,1160.8741,-1437.0,1165.0,5.3967857,16.416217803955078,1.0
test,-1425.9368,1154.7352,-1437.0,1155.0,11.066401,16.416217803955078,1.0
test,-1431.3239,1159.0903,-1437.0,1165.0,8.194073,16.416217803955078,1.0
test,-1421.364,1151.0309,-1437.0,1155.0,16.131891,16.416217803955078,1.0
test,-1429.8882,1154.9915,-1437.0,1160.0,8.698474,16.416217803955078,1.0
test,-1434.0537,1161.304,-1437.0,1165.0,4.7266655,16.416217803955078,1.0
test,-1440.5908,1163.6354,-1437.0,1160.0,5.1097894,16.416217803955078,1.0
test,-1431.9681,1156.6718,-1437.0,1160.0,6.03298,16.416217803955078,1.0
test,-1440.071,1163.215,-1437.0,1160.0,4.446046,16.416217803955078,1.0
test,-1433.8403,1158.1841,-1437.0,1160.0,3.6443188,16.416217803955078,1.0
test,-1432.7266,1160.2782,-1437.0,1170.0,10.61959,16.416217803955078,1.0
test,-1427.4937,1156.0028,-1437.0,1155.0,9.559093,16.416217803955078,1.0
test,-1429.7563,1157.8268,-1437.0,1155.0,7.77568,16.416217803955078,1.0
test,-1434.8503,1162.013,-1437.0,1170.0,8.271286,16.416217803955078,1.0
test,-1422.6606,1152.097,-1437.0,1165.0,19.28998,16.416217803955078,0.0
test,-1432.5802,1160.1144,-1437.0,1165.0,6.588165,16.416217803955078,1.0
test,-1431.3927,1159.1996,-1437.0,1170.0,12.169255,16.416217803955078,1.0
test,-1427.6605,1156.1335,-1437.0,1155.0,9.408016,16.416217803955078,1.0
test,-1442.1262,1164.8737,-1437.0,1160.0,7.0732365,16.416217803955078,1.0
test,-1431.2014,1159.0009,-1437.0,1165.0,8.34346,16.416217803955078,1.0
test,-1430.7898,1158.677,-1437.0,1165.0,8.862672,16.416217803955078,1.0
test,-1434.3379,1161.5558,-1437.0,1155.0,7.0756736,16.416217803955078,1.0
test,-1433.8176,1161.1805,-1437.0,1170.0,9.376051,16.416217803955078,1.0
test,-1438.1665,1164.6926,-1437.0,1170.0,5.434054,16.416217803955078,1.0
test,-1423.1165,1152.4479,-1437.0,1155.0,14.116166,16.416217803955078,1.0
test,-1424.0255,1153.1713,-1437.0,1165.0,17.557228,16.416217803955078,0.0
test,-1441.8933,1164.687,-1437.0,1160.0,6.7758813,16.416217803955078,1.0
test,-1433.4886,1160.8661,-1437.0,1155.0,6.8367095,16.416217803955078,1.0
test,-1431.093,1158.8904,-1437.0,1165.0,8.498228,16.416217803955078,1.0
test,-1433.5131,1160.9218,-1437.0,1170.0,9.724881,16.416217803955078,1.0
test,-1432.1111,1159.7357,-1437.0,1165.0,7.1843,16.416217803955078,1.0
test,-1430.9025,1158.7592,-1437.0,1155.0,7.163182,16.416217803955078,1.0
test,-1434.2548,1161.5242,-1437.0,1170.0,8.909323,16.416217803955078,1.0
test,-1432.4927,1160.0302,-1437.0,1165.0,6.709349,16.416217803955078,1.0
test,-1427.0347,1155.6234,-1437.0,1155.0,9.984813,16.416217803955078,1.0
test,-1424.1107,1153.2501,-1437.0,1155.0,13.007524,16.416217803955078,1.0
test,-1432.9524,1160.4321,-1437.0,1165.0,6.103161,16.416217803955078,1.0
test,-1427.323,1155.8525,-1437.0,1165.0,13.316171,16.416217803955078,1.0
test,-1429.736,1157.8245,-1437.0,1155.0,7.7938337,16.416217803955078,1.0
test,-1435.6726,1162.6597,-1437.0,1170.0,7.4593863,16.416217803955078,1.0
test,-1427.8451,1156.325,-1437.0,1170.0,16.456587,16.416217803955078,0.0
test,-1429.9099,1157.9634,-1437.0,1155.0,7.6844625,16.416217803955078,1.0
test,-1430.3091,1155.3326,-1437.0,1160.0,8.157979,16.416217803955078,1.0
test,-1419.7207,1146.7814,-1437.0,1160.0,21.755602,16.416217803955078,0.0
test,-1436.3403,1163.1396,-1437.0,1165.0,1.9738464,16.416217803955078,1.0
test,-1428.3097,1156.6588,-1437.0,1165.0,12.045614,16.416217803955078,1.0
test,-1428.4891,1156.845,-1437.0,1170.0,15.668108,16.416217803955078,1.0
test,-1437.2391,1163.945,-1437.0,1170.0,6.0597744,16.416217803955078,1.0
test,-1434.7659,1161.9226,-1437.0,1165.0,3.8028524,16.416217803955078,1.0
test,-1438.2668,1164.6927,-1437.0,1165.0,1.3035724,16.416217803955078,1.0
test,-1419.782,1149.8286,-1437.0,1170.0,26.52065,16.416217803955078,0.0
test,-1429.085,1157.2576,-1437.0,1165.0,11.072177,16.416217803955078,1.0
test,-1441.5916,1164.4423,-1437.0,1160.0,6.3887434,16.416217803955078,1.0
test,-1429.1489,1157.3773,-1437.0,1170.0,14.865108,16.416217803955078,1.0
test,-1431.3176,1159.1033,-1437.0,1155.0,7.0090084,16.416217803955078,1.0
test,-1338.5508,1084.604,-1437.0,1165.0,127.10533,16.416217803955078,0.0
test,-1437.283,1163.9557,-1437.0,1170.0,6.0509315,16.416217803955078,1.0
test,-1431.6934,1159.3848,-1437.0,1165.0,7.726014,16.416217803955078,1.0
test,-1449.8303,1171.0941,-1437.0,1160.0,16.96162,16.416217803955078,0.0
test,-1429.8567,1157.9177,-1437.0,1155.0,7.7162166,16.416217803955078,1.0
test,-1432.685,1160.2454,-1437.0,1170.0,10.666382,16.416217803955078,1.0
test,-1432.6661,1160.2013,-1437.0,1165.0,6.466061,16.416217803955078,1.0
test,-1443.4716,1165.9598,-1437.0,1160.0,8.79777,16.416217803955078,1.0
test,-1427.422,1155.9437,-1437.0,1155.0,9.624384,16.416217803955078,1.0
test,-1445.8406,1167.8732,-1437.0,1160.0,11.838183,16.416217803955078,1.0
test,-1431.234,1159.0294,-1437.0,1165.0,8.300271,16.416217803955078,1.0
test,-1432.9817,1160.5116,-1437.0,1170.0,10.304204,16.416217803955078,1.0
test,-1431.1885,1158.9789,-1437.0,1165.0,8.368254,16.416217803955078,1.0
test,-1429.3694,1157.5184,-1437.0,1155.0,8.035471,16.416217803955078,1.0
test,-1427.5242,1156.032,-1437.0,1165.0,13.046713,16.416217803955078,1.0
test,-1419.8271,1146.8685,-1437.0,1160.0,21.618103,16.416217803955078,0.0
test,-1451.7908,1172.6764,-1437.0,1160.0,19.479677,16.416217803955078,0.0
test,-1437.6138,1164.1998,-1437.0,1165.0,1.0084574,16.416217803955078,1.0
test,-1427.1511,1152.7814,-1437.0,1160.0,12.211019,16.416217803955078,1.0
test,-1430.9424,1158.8351,-1437.0,1170.0,12.702366,16.416217803955078,1.0
test,-1422.9888,1152.3247,-1437.0,1165.0,18.893852,16.416217803955078,0.0
test,-1425.9961,1154.7903,-1437.0,1155.0,11.005904,16.416217803955078,1.0
test,-1428.4729,1156.7914,-1437.0,1155.0,8.713236,16.416217803955078,1.0
test,-1414.2506,1142.3661,-1437.0,1160.0,28.783495,16.416217803955078,0.0
test,-1446.1172,1168.0968,-1437.0,1160.0,12.193495,16.416217803955078,1.0
test,-1432.2012,1159.7787,-1437.0,1165.0,7.091605,16.416217803955078,1.0
test,-1428.1445,1153.587,-1437.0,1160.0,10.933683,16.416217803955078,1.0
test,-1431.4167,1159.1793,-1437.0,1155.0,6.9741974,16.416217803955078,1.0
test,-1428.1896,1156.5636,-1437.0,1155.0,8.948096,16.416217803955078,1.0
test,-1432.8673,1160.3525,-1437.0,1165.0,6.219166,16.416217803955078,1.0
test,-1431.4764,1159.2272,-1437.0,1155.0,6.95548,16.416217803955078,1.0
test,-1427.8096,1156.2533,-1437.0,1165.0,12.687349,16.416217803955078,1.0
test,-1429.6132,1157.7438,-1437.0,1165.0,10.354624,16.416217803955078,1.0
test,-1431.5184,1159.2646,-1437.0,1155.0,6.9451284,16.416217803955078,1.0
test,-1440.2211,1166.2968,-1437.0,1165.0,3.4722984,16.416217803955078,1.0
test,-1446.156,1168.1266,-1437.0,1160.0,12.242298,16.416217803955078,1.0
test,-1438.2281,1164.6947,-1437.0,1165.0,1.2655267,16.416217803955078,1.0
test,-1442.7468,1165.3739,-1437.0,1160.0,7.8679624,16.416217803955078,1.0
test,-1438.9507,1165.3346,-1437.0,1165.0,1.9791716,16.416217803955078,1.0
test,-1429.6107,1157.7777,-1437.0,1170.0,14.282362,16.416217803955078,1.0
test,-1438.571,1162.0038,-1437.0,1160.0,2.546239,16.416217803955078,1.0
test,-1425.3744,1154.279,-1437.0,1155.0,11.647943,16.416217803955078,1.0
test,-1434.2073,1161.4878,-1437.0,1170.0,8.958626,16.416217803955078,1.0
test,-1430.5588,1158.5233,-1437.0,1170.0,13.160656,16.416217803955078,1.0
test,-1448.141,1169.7296,-1437.0,1160.0,14.791453,16.416217803955078,1.0
test,-1433.2065,1160.6158,-1437.0,1165.0,5.797511,16.416217803955078,1.0
test,-1436.0929,1162.937,-1437.0,1165.0,2.2536104,16.416217803955078,1.0
test,-1433.5706,1160.934,-1437.0,1155.0,6.8536825,16.416217803955078,1.0
test,-1428.0901,1156.4803,-1437.0,1165.0,12.327654,16.416217803955078,1.0
test,-1435.7612,1162.6698,-1437.0,1165.0,2.6390119,16.416217803955078,1.0
test,-1433.0891,1160.5087,-1437.0,1165.0,5.9554276,16.416217803955078,1.0
test,-1435.5474,1162.5338,-1437.0,1165.0,2.8622072,16.416217803955078,1.0
