split,pred_x,pred_y,true_x,true_y,euclidean_error_mm,conformal_radius_mm,covered
calibration,-1429.9315,1158.6622,-1437.0,1155.0,7.9608645,67.42547607421875,
calibration,-1425.5247,1155.0902,-1437.0,1155.0,11.475697,67.42547607421875,
calibration,-1536.6881,1241.4889,-1437.0,1160.0,128.75621,67.42547607421875,
calibration,-1503.465,1214.6478,-1437.0,1160.0,86.046364,67.42547607421875,
calibration,-1426.1449,1155.5934,-1437.0,1155.0,10.871309,67.42547607421875,
calibration,-1425.2255,1154.8475,-1437.0,1170.0,19.1895,67.42547607421875,
calibration,-1427.5818,1156.7594,-1437.0,1170.0,16.248577,67.42547607421875,
calibration,-1424.079,1153.9192,-1437.0,1155.0,12.9661455,67.42547607421875,
calibration,-1433.267,1161.3639,-1437.0,1170.0,9.408395,67.42547607421875,
calibration,-1439.318,1166.2706,-1437.0,1165.0,2.6434054,67.42547607421875,
calibration,-1422.0923,1152.309,-1437.0,1155.0,15.148652,67.42547607421875,
calibration,-1474.8392,1191.5035,-1437.0,1160.0,49.236984,67.42547607421875,
calibration,-1462.1809,1181.278,-1437.0,1160.0,32.9671,67.42547607421875,
calibration,-1441.9069,1168.3672,-1437.0,1170.0,5.1713977,67.42547607421875,
calibration,-1427.2971,1156.5266,-1437.0,1155.0,9.822242,67.42547607421875,
calibration,-1422.3114,1152.485,-1437.0,1155.0,14.902356,67.42547607421875,
calibration,-1425.3807,1154.973,-1437.0,1170.0,18.995192,67.42547607421875,
calibration,-1344.9899,1086.5826,-1437.0,1160.0,117.711395,67.42547607421875,
calibration,-1426.8414,1156.1594,-1437.0,1155.0,10.22452,67.42547607421875,
calibration,-1431.4276,1159.8785,-1437.0,1165.0,7.568412,67.42547607421875,
calibration,-1428.5088,1157.5112,-1437.0,1155.0,8.854769,67.42547607421875,
calibration,-1426.7638,1156.0958,-1437.0,1170.0,17.265745,67.42547607421875,
calibration,-1426.7092,1156.0491,-1437.0,1170.0,17.335754,67.42547607421875,
calibration,-1603.6892,1295.6414,-1437.0,1160.0,214.90433,67.42547607421875,
calibration,-1461.472,1180.7081,-1437.0,1160.0,32.05788,67.42547607421875,
calibration,-1423.4146,1153.3792,-1437.0,1170.0,21.46665,67.42547607421875,
calibration,-1410.7686,1143.1375,-1437.0,1165.0,34.147617,67.42547607421875,
calibration,-1460.5719,1179.9823,-1437.0,1160.0,30.90189,67.42547607421875,
calibration,-1429.8988,1158.6354,-1437.0,1155.0,7.977653,67.42547607421875,
calibration,-1401.432,1132.1934,-1437.0,1160.0,45.14744,67.42547607421875,
calibration,-1418.5398,1149.4353,-1437.0,1165.0,24.1462,67.42547607421875,
calibration,-1421.992,1152.2314,-1437.0,1165.0,19.704765,67.42547607421875,
calibration,-1420.1517,1150.7355,-1437.0,1155.0,17.379593,67.42547607421875,
calibration,-1440.0942,1166.9009,-1437.0,1165.0,3.6314805,67.42547607421875,
calibration,-1413.8616,1145.6349,-1437.0,1155.0,24.961815,67.42547607421875,
calibration,-1419.5132,1150.2163,-1437.0,1170.0,26.404228,67.42547607421875,
calibration,-1452.1674,1173.1884,-1437.0,1160.0,20.099289,67.42547607421875,
calibration,-1418.7091,1149.5654,-1437.0,1170.0,27.42496,67.42547607421875,
calibration,-1421.3105,1151.6736,-1437.0,1155.0,16.038204,67.42547607421875,
calibration,-1429.6182,1158.4083,-1437.0,1155.0,8.130694,67.42547607421875,
calibration,-1425.3589,1154.9542,-1437.0,1155.0,11.641203,67.42547607421875,
calibration,-1425.3068,1154.9135,-1437.0,1155.0,11.693558,67.42547607421875,
calibration,-1431.0793,1159.5946,-1437.0,1155.0,7.4943004,67.42547607421875,
calibration,-1429.8602,1158.6036,-1437.0,1170.0,13.448174,67.42547607421875,
calibration,-1449.993,1174.9216,-1437.0,1165.0,16.348024,67.42547607421875,
calibration,-1426.6088,1155.9698,-1437.0,1170.0,17.459179,67.42547607421875,
calibration,-1430.6444,1159.239,-1437.0,1170.0,12.497694,67.42547607421875,
calibration,-1429.016,1157.923,-1437.0,1155.0,8.502245,67.42547607421875,
calibration,-1422.7258,1152.8195,-1437.0,1170.0,22.336582,67.42547607421875,
calibration,-1438.6232,1165.7091,-1437.0,1165.0,1.7713016,67.42547607421875,
calibration,-1478.3805,1194.3698,-1437.0,1160.0,53.792423,67.42547607421875,
calibration,-1426.1034,1155.5597,-1437.0,1155.0,10.910971,67.42547607421875,
calibration,-1438.7963,1165.8477,-1437.0,1165.0,1.9862245,67.42547607421875,
calibration,-1426.3214,1155.7365,-1437.0,1170.0,17.817999,67.42547607421875,
calibration,-1417.4154,1148.5157,-1437.0,1170.0,29.07111,67.42547607421875,
calibration,-1419.9677,1150.5876,-1437.0,1170.0,25.82519,67.42547607421875,
calibration,-1422.7987,1152.8818,-1437.0,1155.0,14.35839,67.42547607421875,
calibration,-1442.8267,1169.1147,-1437.0,1165.0,7.133099,67.42547607421875,
calibration,-1427.7502,1156.894,-1437.0,1170.0,16.041325,67.42547607421875,
calibration,-1493.448,1206.5498,-1437.0,1160.0,73.16598,67.42547607421875,
calibration,-1437.8424,1161.619,-1437.0,1160.0,1.8250674,67.42547607421875,
calibration,-1429.3059,1158.1554,-1437.0,1155.0,8.315983,67.42547607421875,
calibration,-1381.0242,1115.6948,-1437.0,1160.0,71.38797,67.42547607421875,
calibration,-1459.4039,1179.0254,-1437.0,1160.0,29.392202,67.42547607421875,
calibration,-1464.5955,1183.2198,-1437.0,1160.0,36.06481,67.42547607421875,
calibration,-1440.5096,1167.2377,-1437.0,1165.0,4.1623034,67.42547607421875,
calibration,-1435.4645,1163.1482,-1437.0,1165.0,2.405622,67.42547607421875,
calibration,-1404.1892,1137.7926,-1437.0,1170.0,45.97678,67.42547607421875,
calibration,-1426.6011,1155.9628,-1437.0,1170.0,17.469446,67.42547607421875,
calibration,-1516.5339,1225.1967,-1437.0,1160.0,102.840904,67.42547607421875,
calibration,-1447.9415,1169.7692,-1437.0,1160.0,14.668116,67.42547607421875,
calibration,-1428.6005,1157.5837,-1437.0,1170.0,14.990521,67.42547607421875,
calibration,-1492.9957,1206.1686,-1437.0,1160.0,72.57451,67.42547607421875,
calibration,-1425.5237,1155.0894,-1437.0,1155.0,11.476666,67.42547607421875,
calibration,-1449.6705,1174.6604,-1437.0,1165.0,15.933165,67.42547607421875,
calibration,-1419.66,1150.3362,-1437.0,1155.0,17.956213,67.42547607421875,
calibration,-1422.2086,1152.4033,-1437.0,1170.0,22.987564,67.42547607421875,
calibration,-1469.941,1187.538,-1437.0,1160.0,42.935436,67.42547607421875,
calibration,-1478.825,1194.7303,-1437.0,1160.0,54.364727,67.42547607421875,
calibration,-1446.6425,1172.2001,-1437.0,1165.0,12.034036,67.42547607421875,
calibration,-1426.3558,1155.7645,-1437.0,1155.0,10.671586,67.42547607421875,
calibration,-1429.3511,1158.1913,-1437.0,1170.0,14.069536,67.42547607421875,
calibration,-1424.3646,1154.1493,-1437.0,1155.0,12.663981,67.42547607421875,
calibration,-1445.2898,1171.1119,-1437.0,1165.0,10.299344,67.42547607421875,
calibration,-1457.9044,1177.83,-1437.0,1160.0,27.475481,67.42547607421875,
calibration,-1442.4554,1165.3253,-1437.0,1160.0,7.623705,67.42547607421875,
calibration,-1446.0082,1168.212,-1437.0,1160.0,12.189537,67.42547607421875,
calibration,-1459.5127,1179.1432,-1437.0,1160.0,29.551363,67.42547607421875,
calibration,-1427.4806,1156.677,-1437.0,1155.0,9.665997,67.42547607421875,
calibration,-1439.1368,1162.6498,-1437.0,1160.0,3.4040306,67.42547607421875,
calibration,-1419.8511,1150.491,-1437.0,1155.0,17.73181,67.42547607421875,
calibration,-1447.9637,1173.2787,-1437.0,1165.0,13.73828,67.42547607421875,
calibration,-1424.1371,1153.9619,-1437.0,1170.0,20.559057,67.42547607421875,
calibration,-1499.6168,1211.525,-1437.0,1160.0,81.09065,67.42547607421875,
calibration,-1448.2948,1173.5436,-1437.0,1170.0,11.837628,67.42547607421875,
calibration,-1484.2845,1199.1403,-1437.0,1160.0,61.38231,67.42547607421875,
calibration,-1422.4562,1152.602,-1437.0,1155.0,14.740182,67.42547607421875,
calibration,-1414.566,1146.2076,-1437.0,1170.0,32.701054,67.42547607421875,
calibration,-1422.8854,1152.9521,-1437.0,1155.0,14.262409,67.42547607421875,
calibration,-1435.4945,1163.1696,-1437.0,1170.0,6.994389,67.42547607421875,
calibration,-1427.275,1156.5109,-1437.0,1155.0,9.841639,67.42547607421875,
calibration,-1435.8134,1163.4323,-1437.0,1165.0,1.9662056,67.42547607421875,
calibration,-1429.4594,1158.2825,-1437.0,1155.0,8.224112,67.42547607421875,
calibration,-1427.7239,1156.8722,-1437.0,1155.0,9.463168,67.42547607421875,
calibration,-1421.8368,1152.1008,-1437.0,1170.0,23.458542,67.42547607421875,
calibration,-1508.6042,1218.8053,-1437.0,1160.0,92.656525,67.42547607421875,
calibration,-1434.3033,1162.2083,-1437.0,1165.0,3.8814697,67.42547607421875,
calibration,-1427.1451,1156.4048,-1437.0,1155.0,9.954479,67.42547607421875,
calibration,-1443.3885,1169.5714,-1437.0,1165.0,7.8556585,67.42547607421875,
calibration,-1420.6166,1151.1132,-1437.0,1170.0,25.002584,67.42547607421875,
calibration,-1420.2188,1150.7871,-1437.0,1170.0,25.509714,67.42547607421875,
calibration,-1508.0433,1218.3213,-1437.0,1160.0,91.91588,67.42547607421875,
calibration,-1479.6481,1195.3905,-1437.0,1160.0,55.419724,67.42547607421875,
calibration,-1433.373,1161.4508,-1437.0,1165.0,5.0746,67.42547607421875,
calibration,-1443.0486,1169.2913,-1437.0,1170.0,6.089966,67.42547607421875,
calibration,-1426.2233,1155.6559,-1437.0,1170.0,17.94134,67.42547607421875,
calibration,-1440.4285,1167.1721,-1437.0,1165.0,4.058631,67.42547607421875,
calibration,-1430.6171,1159.2128,-1437.0,1170.0,12.534202,67.42547607421875,
calibration,-1430.8292,1159.3876,-1437.0,1170.0,12.276078,67.42547607421875,
calibration,-1424.7766,1154.4836,-1437.0,1155.0,12.23429,67.42547607421875,
calibration,-1437.8522,1165.0786,-1437.0,1170.0,4.9946218,67.42547607421875,
calibration,-1426.4803,1155.8647,-1437.0,1170.0,17.620117,67.42547607421875,
calibration,-1418.311,1149.2452,-1437.0,1165.0,24.443605,67.42547607421875,
calibration,-1437.6272,1164.9025,-1437.0,1165.0,0.63473564,67.42547607421875,
calibration,-1520.4913,1228.3986,-1437.0,1160.0,107.931305,67.42547607421875,
calibration,-1517.6405,1226.089,-1437.0,1160.0,104.26238,67.42547607421875,
calibration,-1428.5663,1157.5568,-1437.0,1155.0,8.812752,67.42547607421875,
calibration,-1438.2694,1165.4232,-1437.0,1165.0,1.3381004,67.42547607421875,
calibration,-1460.2136,1179.7001,-1437.0,1160.0,30.446104,67.42547607421875,
calibration,-1519.7877,1227.8264,-1437.0,1160.0,107.02444,67.42547607421875,
calibration,-1423.3378,1153.318,-1437.0,1155.0,13.765381,67.42547607421875,
calibration,-1480.3197,1195.945,-1437.0,1160.0,56.290638,67.42547607421875,
calibration,-1428.2382,1157.2885,-1437.0,1170.0,15.438695,67.42547607421875,
calibration,-1427.5646,1156.7445,-1437.0,1155.0,9.59534,67.42547607421875,
calibration,-1425.7303,1155.2566,-1437.0,1155.0,11.272574,67.42547607421875,
calibration,-1423.848,1153.7299,-1437.0,1170.0,20.921091,67.42547607421875,
calibration,-1426.3451,1155.7557,-1437.0,1155.0,10.681675,67.42547607421875,
calibration,-1485.2567,1199.9236,-1437.0,1160.0,62.630688,67.42547607421875,
calibration,-1423.7482,1153.6504,-1437.0,1170.0,21.045683,67.42547607421875,
calibration,-1471.6392,1188.9337,-1437.0,1160.0,45.133484,67.42547607421875,
calibration,-1433.4059,1161.4758,-1437.0,1170.0,9.2509,67.42547607421875,
calibration,-1429.3798,1158.2183,-1437.0,1165.0,10.200981,67.42547607421875,
calibration,-1426.985,1156.2726,-1437.0,1170.0,16.992424,67.42547607421875,
calibration,-1434.8262,1162.6266,-1437.0,1170.0,7.687181,67.42547607421875,
calibration,-1426.7264,1156.0634,-1437.0,1155.0,10.328444,67.42547607421875,
calibration,-1482.5231,1197.7155,-1437.0,1160.0,59.116882,67.42547607421875,
calibration,-1429.0896,1157.9762,-1437.0,1170.0,14.392577,67.42547607421875,
calibration,-1452.3292,1176.8157,-1437.0,1165.0,19.354464,67.42547607421875,
calibration,-1518.9913,1227.1982,-1437.0,1160.0,106.01029,67.42547607421875,
calibration,-1427.493,1156.686,-1437.0,1155.0,9.655308,67.42547607421875,
calibration,-1424.4269,1154.2001,-1437.0,1155.0,12.59854,67.42547607421875,
calibration,-1424.6185,1154.3583,-1437.0,1155.0,12.398088,67.42547607421875,
calibration,-1501.0724,1212.7069,-1437.0,1160.0,82.96559,67.42547607421875,
calibration,-1443.1251,1165.8838,-1437.0,1160.0,8.493297,67.42547607421875,
calibration,-1444.9432,1170.8312,-1437.0,1165.0,9.853813,67.42547607421875,
calibration,-1445.7023,1167.9557,-1437.0,1160.0,11.79078,67.42547607421875,
calibration,-1435.3009,1163.0133,-1437.0,1170.0,7.1903286,67.42547607421875,
calibration,-1407.7242,1137.254,-1437.0,1160.0,37.073566,67.42547607421875,
calibration,-1427.2802,1156.5116,-1437.0,1170.0,16.625658,67.42547607421875,
calibration,-1422.9733,1153.0233,-1437.0,1155.0,14.165329,67.42547607421875,
calibration,-1421.5446,1151.865,-1437.0,1155.0,15.770195,67.42547607421875,
calibration,-1427.0925,1156.3607,-1437.0,1155.0,10.000477,67.42547607421875,
calibration,-1430.5424,1159.1556,-1437.0,1170.0,12.621461,67.42547607421875,
calibration,-1443.0065,1169.2611,-1437.0,1165.0,7.364423,67.42547607421875,
calibration,-1428.965,1157.8787,-1437.0,1170.0,14.542648,67.42547607421875,
calibration,-1426.3016,1155.7196,-1437.0,1165.0,14.162653,67.42547607421875,
calibration,-1426.361,1155.767,-1437.0,1170.0,17.769873,67.42547607421875,
calibration,-1423.8319,1153.7186,-1437.0,1155.0,13.2302885,67.42547607421875,
calibration,-1418.1383,1149.097,-1437.0,1170.0,28.154875,67.42547607421875,
calibration,-1426.2996,1155.7153,-1437.0,1170.0,17.848001,67.42547607421875,
calibration,-1426.1548,1155.603,-1437.0,1170.0,18.024748,67.42547607421875,
calibration,-1430.1873,1158.8693,-1437.0,1155.0,7.8348374,67.42547607421875,
calibration,-1449.0355,1174.1454,-1437.0,1165.0,15.115948,67.42547607421875,
calibration,-1426.9941,1156.2761,-1437.0,1170.0,16.98417,67.42547607421875,
calibration,-1446.3593,1171.9778,-1437.0,1165.0,11.67412,67.42547607421875,
calibration,-1428.5414,1157.5356,-1437.0,1155.0,8.830499,67.42547607421875,
calibration,-1421.0144,1151.433,-1437.0,1170.0,24.500477,67.42547607421875,
calibration,-1427.1532,1156.4104,-1437.0,1155.0,9.947298,67.42547607421875,
calibration,-1433.6124,1158.1863,-1437.0,1160.0,3.842556,67.42547607421875,
calibration,-1443.4159,1169.5924,-1437.0,1165.0,7.8901134,67.42547607421875,
calibration,-1430.7157,1159.2914,-1437.0,1170.0,12.416398,67.42547607421875,
calibration,-1425.593,1155.1464,-1437.0,1155.0,11.407922,67.42547607421875,
calibration,-1426.5032,1155.8834,-1437.0,1155.0,10.533936,67.42547607421875,
calibration,-1422.3966,1152.5548,-1437.0,1155.0,14.80669,67.42547607421875,
calibration,-1453.5385,1174.2894,-1437.0,1160.0,21.856535,67.42547607421875,
calibration,-1424.5228,1154.2775,-1437.0,1170.0,20.07182,67.42547607421875,
calibration,-1423.9976,1153.8524,-1437.0,1155.0,13.052985,67.42547607421875,
calibration,-1430.6307,1159.2299,-1437.0,1170.0,12.512532,67.42547607421875,
calibration,-1433.0531,1161.192,-1437.0,1155.0,7.3429613,67.42547607421875,
calibration,-1455.9786,1176.2526,-1437.0,1160.0,24.986687,67.42547607421875,
calibration,-1426.6346,1155.9901,-1437.0,1155.0,10.412538,67.42547607421875,
calibration,-1427.0785,1156.3522,-1437.0,1170.0,16.873041,67.42547607421875,
calibration,-1428.733,1157.6915,-1437.0,1155.0,8.694083,67.42547607421875,
calibration,-1423.8562,1153.7391,-1437.0,1155.0,13.204137,67.42547607421875,
calibration,-1445.4558,1171.246,-1437.0,1165.0,10.512511,67.42547607421875,
calibration,-1438.961,1165.9845,-1437.0,1165.0,2.1943083,67.42547607421875,
calibration,-1501.2355,1212.8363,-1437.0,1160.0,83.173744,67.42547607421875,
calibration,-1505.1016,1215.9547,-1437.0,1160.0,88.140526,67.42547607421875,
calibration,-1460.376,1179.8159,-1437.0,1160.0,30.64485,67.42547607421875,
calibration,-1444.8102,1170.7188,-1437.0,1170.0,7.843183,67.42547607421875,
calibration,-1423.6929,1153.6052,-1437.0,1155.0,13.380026,67.42547607421875,
calibration,-1505.4567,1216.257,-1437.0,1160.0,88.60677,67.42547607421875,
calibration,-1440.1766,1166.9635,-1437.0,1170.0,4.394467,67.42547607421875,
calibration,-1437.7893,1165.0267,-1437.0,1170.0,5.0355124,67.42547607421875,
calibration,-1428.0198,1157.1122,-1437.0,1170.0,15.707968,67.42547607421875,
calibration,-1419.7072,1150.3708,-1437.0,1170.0,26.16001,67.42547607421875,
calibration,-1439.147,1166.1346,-1437.0,1165.0,2.428355,67.42547607421875,
calibration,-1437.8176,1165.0575,-1437.0,1165.0,0.81964594,67.42547607421875,
calibration,-1424.1946,1154.0101,-1437.0,1170.0,20.485474,67.42547607421875,
calibration,-1488.9862,1202.9375,-1437.0,1160.0,67.425476,67.42547607421875,
calibration,-1423.7789,1153.6713,-1437.0,1170.0,21.0101,67.42547607421875,
calibration,-1429.0732,1157.9669,-1437.0,1155.0,8.463811,67.42547607421875,
calibration,-1482.587,1197.761,-1437.0,1160.0,59.195187,67.42547607421875,
calibration,-1404.5013,1138.045,-1437.0,1170.0,45.57721,67.42547607421875,
calibration,-1427.1106,1156.3763,-1437.0,1155.0,9.98472,67.42547607421875,
calibration,-1417.058,1144.8221,-1437.0,1160.0,25.060953,67.42547607421875,
calibration,-1511.4086,1221.0563,-1437.0,1160.0,96.2523,67.42547607421875,
calibration,-1466.586,1184.8448,-1437.0,1160.0,38.634197,67.42547607421875,
calibration,-1447.0541,1169.0516,-1437.0,1160.0,13.528361,67.42547607421875,
calibration,-1412.7772,1144.7574,-1437.0,1170.0,34.984703,67.42547607421875,
calibration,-1492.6669,1205.9352,-1437.0,1160.0,72.1723,67.42547607421875,
calibration,-1424.8339,1154.529,-1437.0,1155.0,12.175249,67.42547607421875,
calibration,-1463.7944,1186.1066,-1437.0,1165.0,34.109074,67.42547607421875,
calibration,-1426.0553,1155.5208,-1437.0,1155.0,10.957084,67.42547607421875,
calibration,-1442.3551,1168.7345,-1437.0,1165.0,6.5286746,67.42547607421875,
calibration,-1420.8584,1151.3091,-1437.0,1170.0,24.696188,67.42547607421875,
calibration,-1523.5522,1230.8749,-1437.0,1160.0,111.86841,67.42547607421875,
calibration,-1427.2354,1156.4766,-1437.0,1155.0,9.875657,67.42547607421875,
calibration,-1398.913,1130.1637,-1437.0,1160.0,48.3821,67.42547607421875,
calibration,-1419.8839,1150.5181,-1437.0,1155.0,17.693169,67.42547607421875,
calibration,-1427.0638,1156.3375,-1437.0,1155.0,10.025776,67.42547607421875,
calibration,-1433.8759,1161.8607,-1437.0,1165.0,4.4289255,67.42547607421875,
calibration,-1540.1985,1244.3173,-1437.0,1160.0,133.26413,67.42547607421875,
calibration,-1433.865,1161.853,-1437.0,1165.0,4.4420404,67.42547607421875,
calibration,-1428.7334,1157.6906,-1437.0,1155.0,8.693433,67.42547607421875,
calibration,-1429.0853,1157.9739,-1437.0,1170.0,14.396864,67.42547607421875,
calibration,-1422.0994,1152.3131,-1437.0,1170.0,23.126932,67.42547607421875,
calibration,-1446.7365,1172.2833,-1437.0,1165.0,12.159164,67.42547607421875,
calibration,-1423.22,1153.2227,-1437.0,1155.0,13.894177,67.42547607421875,
calibration,-1413.3348,1141.8195,-1437.0,1160.0,29.842453,67.42547607421875,
calibration,-1431.937,1160.2926,-1437.0,1165.0,6.91328,67.42547607421875,
calibration,-1438.4777,1165.5885,-1437.0,1165.0,1.5905395,67.42547607421875,
calibration,-1425.8019,1151.8922,-1437.0,1160.0,13.825127,67.42547607421875,
calibration,-1443.2275,1169.4349,-1437.0,1170.0,6.2531223,67.42547607421875,
calibration,-1434.7383,1162.5573,-1437.0,1170.0,7.77881,67.42547607421875,
calibration,-1423.9501,1153.8136,-1437.0,1170.0,20.79183,67.42547607421875,
calibration,-1408.0018,1137.507,-1437.0,1160.0,36.699192,67.42547607421875,
calibration,-1432.16,1160.4677,-1437.0,1170.0,10.690694,67.42547607421875,
calibration,-1431.483,1159.92,-1437.0,1165.0,7.499526,67.42547607421875,
calibration,-1441.7834,1168.2697,-1437.0,1165.0,5.794135,67.42547607421875,
calibration,-1428.1901,1157.2484,-1437.0,1170.0,15.498966,67.42547607421875,
calibration,-1425.6837,1155.2177,-1437.0,1170.0,18.616554,67.42547607421875,
calibration,-1425.5819,1155.137,-1437.0,1170.0,18.742537,67.42547607421875,
calibration,-1422.9825,1153.0302,-1437.0,1155.0,14.1551895,67.42547607421875,
calibration,-1424.2426,1154.0494,-1437.0,1170.0,20.42481,67.42547607421875,
calibration,-1422.2174,1152.4103,-1437.0,1155.0,15.007722,67.42547607421875,
calibration,-1424.3658,1154.15,-1437.0,1155.0,12.662714,67.42547607421875,
calibration,-1429.8481,1158.5956,-1437.0,1170.0,13.461419,67.42547607421875,
calibration,-1422.5272,1152.6599,-1437.0,1170.0,22.586279,67.42547607421875,
calibration,-1476.7797,1193.08,-1437.0,1160.0,51.73688,67.42547607421875,
calibration,-1423.7207,1153.627,-1437.0,1170.0,21.081186,67.42547607421875,
calibration,-1434.7225,1162.5472,-1437.0,1165.0,3.3470697,67.42547607421875,
calibration,-1430.0532,1158.7565,-1437.0,1170.0,13.216455,67.42547607421875,
calibration,-1448.0297,1173.3314,-1437.0,1165.0,13.822664,67.42547607421875,
calibration,-1499.3475,1211.3121,-1437.0,1160.0,80.74745,67.42547607421875,
calibration,-1420.938,1151.3722,-1437.0,1155.0,16.466608,67.42547607421875,
calibration,-1426.0116,1155.4852,-1437.0,1155.0,10.999112,67.42547607421875,
calibration,-1493.3419,1206.4501,-1437.0,1160.0,73.02069,67.42547607421875,
calibration,-1431.2954,1159.7683,-1437.0,1155.0,7.4349937,67.42547607421875,
calibration,-1436.361,1163.8708,-1437.0,1170.0,6.1623745,67.42547607421875,
calibration,-1502.2677,1213.6622,-1437.0,1160.0,84.495605,67.42547607421875,
calibration,-1427.4078,1156.6163,-1437.0,1170.0,16.466091,67.42547607421875,
calibration,-1426.1232,1155.5729,-1437.0,1170.0,18.067854,67.42547607421875,
calibration,-1423.3412,1153.3212,-1437.0,1155.0,13.761601,67.42547607421875,
calibration,-1501.2534,1212.8405,-1437.0,1160.0,83.19024,67.42547607421875,
calibration,-1540.4525,1244.5404,-1437.0,1160.0,133.60204,67.42547607421875,
calibration,-1459.1752,1178.8402,-1437.0,1160.0,29.097967,67.42547607421875,
calibration,-1416.8804,1148.0804,-1437.0,1170.0,29.753426,67.42547607421875,
calibration,-1421.8744,1152.1313,-1437.0,1155.0,15.395235,67.42547607421875,
calibration,-1475.3309,1191.9012,-1437.0,1160.0,49.869328,67.42547607421875,
calibration,-1413.4596,1145.3175,-1437.0,1165.0,30.684708,67.42547607421875,
calibration,-1451.2618,1175.9514,-1437.0,1165.0,17.98148,67.42547607421875,
calibration,-1424.066,1153.9125,-1437.0,1165.0,17.03586,67.42547607421875,
calibration,-1464.2284,1182.9475,-1437.0,1160.0,35.608616,67.42547607421875,
calibration,-1440.0125,1166.8352,-1437.0,1165.0,3.527441,67.42547607421875,
calibration,-1434.5245,1162.3834,-1437.0,1170.0,8.008756,67.42547607421875,
calibration,-1448.2916,1173.5367,-1437.0,1170.0,11.832556,67.42547607421875,
calibration,-1449.6196,1174.6188,-1437.0,1165.0,15.867446,67.42547607421875,
calibration,-1435.0101,1162.7764,-1437.0,1170.0,7.492693,67.42547607421875,
calibration,-1431.9501,1160.2969,-1437.0,1170.0,10.938574,67.42547607421875,
calibration,-1263.1227,1020.44147,-1437.0,1160.0,222.95718,67.42547607421875,
calibration,-1450.9805,1172.224,-1437.0,1160.0,18.570936,67.42547607421875,
calibration,-1413.8818,1145.6517,-1437.0,1170.0,33.575104,67.42547607421875,
calibration,-1424.5873,1154.3317,-1437.0,1155.0,12.430699,67.42547607421875,
calibration,-1418.1364,1149.1024,-1437.0,1155.0,19.764076,67.42547607421875,
calibration,-1410.2006,1142.6713,-1437.0,1170.0,38.27623,67.42547607421875,
calibration,-1479.2106,1195.0321,-1437.0,1160.0,54.854176,67.42547607421875,
calibration,-1422.6869,1152.7905,-1437.0,1155.0,14.482641,67.42547607421875,
calibration,-1431.0454,1159.5663,-1437.0,1155.0,7.503872,67.42547607421875,
calibration,-1431.1798,1159.6731,-1437.0,1155.0,7.4640765,67.42547607421875,
calibration,-1435.6914,1163.3331,-1437.0,1165.0,2.119168,67.42547607421875,
calibration,-1431.548,1159.9733,-1437.0,1155.0,7.379565,67.42547607421875,
calibration,-1428.1567,1157.2228,-1437.0,1155.0,9.118334,67.42547607421875,
calibration,-1395.6909,1127.5581,-1437.0,1160.0,52.525394,67.42547607421875,
calibration,-1430.7273,1159.3073,-1437.0,1170.0,12.396843,67.42547607421875,
calibration,-1426.6832,1156.0294,-1437.0,1170.0,17.367006,67.42547607421875,
calibration,-1480.8502,1196.3544,-1437.0,1160.0,56.960354,67.42547607421875,
calibration,-1503.6467,1214.7971,-1437.0,1160.0,86.28158,67.42547607421875,
calibration,-1430.9972,1159.527,-1437.0,1155.0,7.518459,67.42547607421875,
calibration,-1357.1096,1096.3732,-1437.0,1160.0,102.131516,67.42547607421875,
calibration,-1434.6068,1162.4545,-1437.0,1165.0,3.493864,67.42547607421875,
calibration,-1441.2181,1167.8094,-1437.0,1165.0,5.068106,67.42547607421875,
calibration,-1420.1832,1150.7618,-1437.0,1170.0,25.552116,67.42547607421875,
calibration,-1429.6091,1158.4025,-1437.0,1165.0,9.907189,67.42547607421875,
calibration,-1413.7167,1142.1083,-1437.0,1160.0,29.363703,67.42547607421875,
calibration,-1424.8068,1154.5092,-1437.0,1170.0,19.713987,67.42547607421875,
calibration,-1422.5482,1152.677,-1437.0,1170.0,22.559704,67.42547607421875,
calibration,-1430.2688,1158.934,-1437.0,1170.0,12.952463,67.42547607421875,
calibration,-1482.7728,1197.9198,-1437.0,1160.0,59.439575,67.42547607421875,
calibration,-1487.6552,1201.8563,-1437.0,1160.0,65.7107,67.42547607421875,
calibration,-1496.1505,1208.7263,-1437.0,1160.0,76.63574,67.42547607421875,
calibration,-1424.974,1154.6434,-1437.0,1170.0,19.505098,67.42547607421875,
calibration,-1403.1678,1133.6086,-1437.0,1160.0,42.908257,67.42547607421875,
calibration,-1423.0421,1153.0773,-1437.0,1155.0,14.089693,67.42547607421875,
calibration,-1419.9155,1150.5435,-1437.0,1155.0,17.65616,67.42547607421875,
calibration,-1424.4249,1154.1974,-1437.0,1155.0,12.60066,67.42547607421875,
calibration,-1433.1206,1161.2462,-1437.0,1170.0,9.574885,67.42547607421875,
calibration,-1524.4977,1231.6395,-1437.0,1160.0,113.084335,67.42547607421875,
calibration,-1420.4537,1150.9803,-1437.0,1155.0,17.027521,67.42547607421875,
calibration,-1432.3765,1160.6478,-1437.0,1165.0,6.349684,67.42547607421875,
calibration,-1438.0116,1165.214,-1437.0,1165.0,1.0339822,67.42547607421875,
calibration,-1368.3932,1105.4896,-1437.0,1160.0,87.62577,67.42547607421875,
calibration,-1423.9756,1153.8352,-1437.0,1155.0,13.076395,67.42547607421875,
calibration,-1430.3389,1158.9905,-1437.0,1170.0,12.8678,67.42547607421875,
calibration,-1427.715,1156.8651,-1437.0,1155.0,9.470508,67.42547607421875,
calibration,-1414.775,1146.378,-1437.0,1170.0,32.433716,67.42547607421875,
calibration,-1521.1727,1228.9526,-1437.0,1160.0,108.80953,67.42547607421875,
calibration,-1500.1459,1211.9457,-1437.0,1160.0,81.766464,67.42547607421875,
calibration,-1437.346,1164.6744,-1437.0,1165.0,0.47504717,67.42547607421875,
calibration,-1424.5021,1154.2615,-1437.0,1155.0,12.519726,67.42547607421875,
calibration,-1434.7758,1162.591,-1437.0,1165.0,3.2788436,67.42547607421875,
calibration,-1428.2876,1157.3295,-1437.0,1155.0,9.018446,67.42547607421875,
calibration,-1435.7745,1163.3986,-1437.0,1165.0,2.016525,67.42547607421875,
calibration,-1470.0565,1187.6251,-1437.0,1160.0,43.079937,67.42547607421875,
calibration,-1427.8627,1156.9872,-1437.0,1155.0,9.350919,67.42547607421875,
calibration,-1425.9401,1155.4264,-1437.0,1155.0,11.068152,67.42547607421875,
calibration,-1416.033,1143.9825,-1437.0,1160.0,26.385141,67.42547607421875,
calibration,-1517.0762,1225.6288,-1437.0,1160.0,103.534195,67.42547607421875,
calibration,-1437.1686,1164.5299,-1437.0,1165.0,0.49940577,67.42547607421875,
calibration,-1421.563,1151.8792,-1437.0,1170.0,23.804758,67.42547607421875,
calibration,-1432.8002,1160.9838,-1437.0,1170.0,9.94641,67.42547607421875,
calibration,-1431.1014,1159.6122,-1437.0,1165.0,7.988841,67.42547607421875,
calibration,-1454.5612,1178.6178,-1437.0,1170.0,19.561716,67.42547607421875,
calibration,-1429.5896,1158.3859,-1437.0,1155.0,8.147277,67.42547607421875,
calibration,-1428.7137,1157.6681,-1437.0,1170.0,14.857254,67.42547607421875,
calibration,-1420.0166,1150.6293,-1437.0,1170.0,25.761616,67.42547607421875,
calibration,-1440.3657,1167.1207,-1437.0,1165.0,3.978137,67.42547607421875,
calibration,-1497.7306,1210.009,-1437.0,1160.0,78.67088,67.42547607421875,
calibration,-1422.7029,1152.8035,-1437.0,1155.0,14.464867,67.42547607421875,
calibration,-1387.5486,1120.9766,-1437.0,1160.0,62.994217,67.42547607421875,
calibration,-1359.5298,1098.3243,-1437.0,1160.0,99.022835,67.42547607421875,
calibration,-1444.3207,1170.3268,-1437.0,1165.0,9.05356,67.42547607421875,
calibration,-1426.0186,1155.4904,-1437.0,1170.0,18.196754,67.42547607421875,
calibration,-1432.0673,1160.3922,-1437.0,1170.0,10.80007,67.42547607421875,
calibration,-1430.0939,1158.7858,-1437.0,1170.0,13.17018,67.42547607421875,
calibration,-1420.962,1151.3922,-1437.0,1155.0,16.438747,67.42547607421875,
calibration,-1423.8219,1153.7108,-1437.0,1155.0,13.24101,67.42547607421875,
calibration,-1424.6962,1154.4188,-1437.0,1155.0,12.317552,67.42547607421875,
calibration,-1458.3433,1181.6886,-1437.0,1165.0,27.09325,67.42547607421875,
calibration,-1436.006,1163.5875,-1437.0,1165.0,1.7271826,67.42547607421875,
calibration,-1426.8475,1156.1619,-1437.0,1155.0,10.218733,67.42547607421875,
calibration,-1432.6378,1160.8527,-1437.0,1170.0,10.134221,67.42547607421875,
calibration,-1424.5587,1154.3082,-1437.0,1155.0,12.460502,67.42547607421875,
calibration,-1438.0453,1165.2391,-1437.0,1170.0,4.8742647,67.42547607421875,
calibration,-1424.0292,1153.8782,-1437.0,1170.0,20.691921,67.42547607421875,
calibration,-1440.9829,1167.621,-1437.0,1165.0,4.7679205,67.42547607421875,
calibration,-1440.8351,1167.5021,-1437.0,1165.0,4.579109,67.42547607421875,
calibration,-1475.5653,1192.0795,-1437.0,1160.0,50.163486,67.42547607421875,
calibration,-1420.725,1151.1995,-1437.0,1155.0,16.712885,67.42547607421875,
calibration,-1417.3729,1148.4838,-1437.0,1155.0,20.680508,67.42547607421875,
calibration,-1418.477,1149.3774,-1437.0,1170.0,27.71984,67.42547607421875,
calibration,-1439.7968,1166.6613,-1437.0,1165.0,3.2529364,67.42547607421875,
calibration,-1475.1239,1191.7308,-1437.0,1160.0,49.60119,67.42547607421875,
calibration,-1423.6869,1153.602,-1437.0,1155.0,13.386306,67.42547607421875,
calibration,-1438.0585,1165.2517,-1437.0,1165.0,1.0879889,67.42547607421875,
calibration,-1422.616,1152.7333,-1437.0,1170.0,22.473099,67.42547607421875,
calibration,-1435.4928,1163.1674,-1437.0,1170.0,6.996903,67.42547607421875,
calibration,-1439.461,1166.3882,-1437.0,1165.0,2.825574,67.42547607421875,
calibration,-1435.006,1162.7747,-1437.0,1170.0,7.4954433,67.42547607421875,
calibration,-1414.3947,1146.0676,-1437.0,1165.0,29.486208,67.42547607421875,
calibration,-1427.5654,1156.7443,-1437.0,1155.0,9.594455,67.42547607421875,
calibration,-1438.7792,1165.8356,-1437.0,1165.0,1.9656149,67.42547607421875,
calibration,-1428.9203,1157.8422,-1437.0,1155.0,8.565024,67.42547607421875,
calibration,-1433.6078,1161.6432,-1437.0,1155.0,7.4591594,67.42547607421875,
calibration,-1426.8174,1156.1378,-1437.0,1155.0,10.245991,67.42547607421875,
calibration,-1460.235,1183.2219,-1437.0,1165.0,29.528006,67.42547607421875,
calibration,-1427.0199,1156.302,-1437.0,1155.0,10.064673,67.42547607421875,
calibration,-1427.6809,1156.8376,-1437.0,1155.0,9.4985485,67.42547607421875,
calibration,-1423.5294,1153.4716,-1437.0,1170.0,21.32243,67.42547607421875,
calibration,-1402.4819,1136.4229,-1437.0,1165.0,44.81239,67.42547607421875,
calibration,-1427.8328,1156.9591,-1437.0,1170.0,15.940613,67.42547607421875,
calibration,-1423.002,1153.0472,-1437.0,1155.0,14.133597,67.42547607421875,
calibration,-1468.5228,1186.4019,-1437.0,1160.0,41.11869,67.42547607421875,
calibration,-1452.9384,1177.3048,-1437.0,1170.0,17.532581,67.42547607421875,
calibration,-1557.3413,1258.1788,-1437.0,1160.0,155.30974,67.42547607421875,
calibration,-1441.6669,1168.1755,-1437.0,1165.0,5.644795,67.42547607421875,
calibration,-1430.8439,1159.403,-1437.0,1155.0,7.568614,67.42547607421875,
calibration,-1447.5924,1172.9778,-1437.0,1170.0,11.003013,67.42547607421875,
calibration,-1504.9069,1215.799,-1437.0,1160.0,87.89121,67.42547607421875,
calibration,-1468.2644,1186.1876,-1437.0,1160.0,40.783016,67.42547607421875,
calibration,-1421.8029,1152.0704,-1437.0,1155.0,15.476935,67.42547607421875,
calibration,-1442.5087,1165.405,-1437.0,1160.0,7.7174964,67.42547607421875,
calibration,-1437.9952,1165.1981,-1437.0,1165.0,1.0147673,67.42547607421875,
calibration,-1447.0172,1169.032,-1437.0,1160.0,13.487818,67.42547607421875,
calibration,-1427.9126,1157.0277,-1437.0,1165.0,12.088767,67.42547607421875,
calibration,-1418.8646,1149.693,-1437.0,1170.0,27.226208,67.42547607421875,
calibration,-1445.7202,1171.4579,-1437.0,1165.0,10.851103,67.42547607421875,
calibration,-1428.7715,1157.724,-1437.0,1155.0,8.667678,67.42547607421875,
calibration,-1436.257,1163.7915,-1437.0,1165.0,1.4186523,67.42547607421875,
calibration,-1427.7614,1156.9019,-1437.0,1170.0,16.028538,67.42547607421875,
calibration,-1460.639,1183.5505,-1437.0,1165.0,30.048737,67.42547607421875,
calibration,-1424.9175,1154.5972,-1437.0,1155.0,12.089232,67.42547607421875,
calibration,-1424.3529,1154.1404,-1437.0,1170.0,20.284883,67.42547607421875,
calibration,-1435.6007,1163.2603,-1437.0,1165.0,2.232652,67.42547607421875,
calibration,-1420.9756,1151.403,-1437.0,1170.0,24.548563,67.42547607421875,
calibration,-1440.1443,1166.9403,-1437.0,1165.0,3.6947713,67.42547607421875,
calibration,-1430.3195,1158.9761,-1437.0,1165.0,8.995406,67.42547607421875,
calibration,-1421.5773,1151.8925,-1437.0,1155.0,15.732686,67.42547607421875,
calibration,-1426.8538,1156.1686,-1437.0,1155.0,10.213313,67.42547607421875,
calibration,-1429.4557,1158.2787,-1437.0,1165.0,10.104094,67.42547607421875,
calibration,-1447.0656,1172.5514,-1437.0,1165.0,12.583276,67.42547607421875,
calibration,-1435.8904,1163.4948,-1437.0,1165.0,1.8700346,67.42547607421875,
calibration,-1429.8588,1158.6038,-1437.0,1170.0,13.448849,67.42547607421875,
calibration,-1450.6068,1175.4197,-1437.0,1165.0,17.138117,67.42547607421875,
calibration,-1419.2075,1149.9679,-1437.0,1170.0,26.792864,67.42547607421875,
calibration,-1501.139,1212.7494,-1437.0,1160.0,83.04405,67.42547607421875,
calibration,-1521.6891,1229.3715,-1437.0,1160.0,109.47438,67.42547607421875,
calibration,-1426.3082,1155.7258,-1437.0,1155.0,10.716381,67.42547607421875,
calibration,-1424.2162,1154.0299,-1437.0,1170.0,20.456533,67.42547607421875,
calibration,-1423.5718,1153.5078,-1437.0,1170.0,21.267567,67.42547607421875,
calibration,-1416.9548,1148.1455,-1437.0,1170.0,29.655142,67.42547607421875,
calibration,-1289.4364,1041.6968,-1437.0,1160.0,189.13135,67.42547607421875,
calibration,-1434.5162,1162.3735,-1437.0,1170.0,8.020726,67.42547607421875,
calibration,-1406.7377,1139.8727,-1437.0,1165.0,39.334343,67.42547607421875,
calibration,-1432.0409,1160.3743,-1437.0,1155.0,7.3126936,67.42547607421875,
calibration,-1439.6732,1166.5586,-1437.0,1165.0,3.0943995,67.42547607421875,
calibration,-1496.172,1208.7372,-1437.0,1160.0,76.65923,67.42547607421875,
calibration,-1432.245,1160.5385,-1437.0,1155.0,7.299625,67.42547607421875,
calibration,-1425.966,1155.4508,-1437.0,1165.0,14.59238,67.42547607421875,
calibration,-1425.9457,1155.4297,-1437.0,1170.0,18.289124,67.42547607421875,
calibration,-1418.287,1149.223,-1437.0,1155.0,19.58444,67.42547607421875,
calibration,-1482.4235,1197.6334,-1437.0,1160.0,58.987843,67.42547607421875,
calibration,-1445.1334,1170.9823,-1437.0,1165.0,10.096558,67.42547607421875,
calibration,-1436.0623,1163.6293,-1437.0,1170.0,6.439374,67.42547607421875,
calibration,-1427.9926,1157.0919,-1437.0,1155.0,9.247173,67.42547607421875,
calibration,-1421.5043,1151.8314,-1437.0,1170.0,23.879171,67.42547607421875,
calibration,-1431.5594,1159.9789,-1437.0,1165.0,7.403461,67.42547607421875,
calibration,-1424.4459,1154.2172,-1437.0,1155.0,12.578462,67.42547607421875,
calibration,-1489.6354,1203.4675,-1437.0,1160.0,68.26353,67.42547607421875,
calibration,-1439.0192,1166.0309,-1437.0,1165.0,2.2671013,67.42547607421875,
calibration,-1428.6838,1157.6517,-1437.0,1155.0,8.728703,67.42547607421875,
calibration,-1436.623,1164.0875,-1437.0,1165.0,0.98727167,67.42547607421875,
calibration,-1450.2113,1171.6129,-1437.0,1160.0,17.589724,67.42547607421875,
calibration,-1432.4805,1157.2765,-1437.0,1160.0,5.2767105,67.42547607421875,
calibration,-1438.3297,1165.4712,-1437.0,1165.0,1.4107286,67.42547607421875,
calibration,-1462.9069,1181.8494,-1437.0,1160.0,33.890415,67.42547607421875,
calibration,-1428.7372,1157.6957,-1437.0,1170.0,14.821284,67.42547607421875,
calibration,-1427.9552,1157.0599,-1437.0,1170.0,15.787768,67.42547607421875,
calibration,-1443.5758,1169.719,-1437.0,1165.0,8.093832,67.42547607421875,
calibration,-1432.8695,1161.0414,-1437.0,1155.0,7.31842,67.42547607421875,
calibration,-1438.2821,1161.9642,-1437.0,1160.0,2.3456352,67.42547607421875,
calibration,-1504.3911,1215.3907,-1437.0,1160.0,87.233574,67.42547607421875,
calibration,-1427.2522,1156.4933,-1437.0,1165.0,12.937691,67.42547607421875,
calibration,-1422.1615,1152.3655,-1437.0,1155.0,15.070561,67.42547607421875,
calibration,-1429.1129,1157.9999,-1437.0,1170.0,14.359981,67.42547607421875,
calibration,-1424.3534,1154.1392,-1437.0,1155.0,12.675871,67.42547607421875,
calibration,-1444.3154,1170.3221,-1437.0,1165.0,9.046586,67.42547607421875,
calibration,-1427.0923,1156.3604,-1437.0,1155.0,10.000669,67.42547607421875,
calibration,-1439.996,1166.8209,-1437.0,1165.0,3.5059388,67.42547607421875,
calibration,-1448.9698,1174.0936,-1437.0,1165.0,15.032343,67.42547607421875,
test,-1429.5172,1158.329,-1437.0,1155.0,8.189885,67.42547607421875,1.0
test,-1423.9508,1153.8134,-1437.0,1170.0,20.791561,67.42547607421875,1.0
test,-1423.4855,1153.4388,-1437.0,1155.0,13.604398,67.42547607421875,1.0
test,-1464.5936,1183.2238,-1437.0,1160.0,36.065926,67.42547607421875,1.0
test,-1435.8827,1163.49,-1437.0,1165.0,1.8784329,67.42547607421875,1.0
test,-1518.7023,1226.9545,-1437.0,1160.0,105.6322,67.42547607421875,0.0
test,-1447.3202,1172.756,-1437.0,1165.0,12.909747,67.42547607421875,1.0
test,-1419.7031,1150.3713,-1437.0,1155.0,17.905485,67.42547607421875,1.0
test,-1428.4513,1157.4612,-1437.0,1155.0,8.895942,67.42547607421875,1.0
test,-1520.3885,1228.3036,-1437.0,1160.0,107.79161,67.42547607421875,0.0
test,-1451.5281,1172.67,-1437.0,1160.0,19.2768,67.42547607421875,1.0
test,-1400.1605,1131.1742,-1437.0,1160.0,46.776855,67.42547607421875,1.0
test,-1428.1345,1157.2058,-1437.0,1155.0,9.135771,67.42547607421875,1.0
test,-1434.9215,1162.7091,-1437.0,1165.0,3.09327,67.42547607421875,1.0
test,-1475.7383,1192.2274,-1437.0,1160.0,50.39108,67.42547607421875,1.0
test,-1430.1322,1155.3824,-1437.0,1160.0,8.275775,67.42547607421875,1.0
test,-1444.5702,1170.5271,-1437.0,1165.0,9.373186,67.42547607421875,1.0
test,-1429.4171,1158.2427,-1437.0,1170.0,13.990526,67.42547607421875,1.0
test,-1460.9567,1183.8065,-1437.0,1165.0,30.45664,67.42547607421875,1.0
test,-1429.8386,1158.5851,-1437.0,1170.0,13.475372,67.42547607421875,1.0
test,-1442.5864,1168.921,-1437.0,1165.0,6.8251414,67.42547607421875,1.0
test,-1422.8947,1152.9589,-1437.0,1155.0,14.252265,67.42547607421875,1.0
test,-1432.4672,1160.7164,-1437.0,1170.0,10.331082,67.42547607421875,1.0
test,-1423.1652,1153.1776,-1437.0,1155.0,13.9543495,67.42547607421875,1.0
test,-1452.7518,1177.1581,-1437.0,1165.0,19.898218,67.42547607421875,1.0
test,-1444.9862,1170.8651,-1437.0,1165.0,9.908533,67.42547607421875,1.0
test,-1421.6838,1151.9768,-1437.0,1155.0,15.611679,67.42547607421875,1.0
test,-1426.5295,1155.9052,-1437.0,1155.0,10.50951,67.42547607421875,1.0
test,-1455.1711,1179.1177,-1437.0,1165.0,23.010849,67.42547607421875,1.0
test,-1433.1195,1161.2467,-1437.0,1155.0,7.3538795,67.42547607421875,1.0
test,-1423.0741,1153.1011,-1437.0,1155.0,14.054775,67.42547607421875,1.0
test,-1430.4469,1159.0782,-1437.0,1170.0,12.736868,67.42547607421875,1.0
test,-1438.6199,1165.7064,-1437.0,1165.0,1.7672067,67.42547607421875,1.0
test,-1427.9213,1157.0308,-1437.0,1170.0,15.831127,67.42547607421875,1.0
test,-1424.0052,1153.8594,-1437.0,1155.0,13.044715,67.42547607421875,1.0
test,-1432.5626,1157.3492,-1437.0,1160.0,5.1688333,67.42547607421875,1.0
test,-1434.3263,1162.2224,-1437.0,1165.0,3.855347,67.42547607421875,1.0
test,-1380.2136,1115.0399,-1437.0,1160.0,72.42998,67.42547607421875,0.0
test,-1438.3134,1161.9869,-1437.0,1160.0,2.3817692,67.42547607421875,1.0
test,-1429.7607,1158.5228,-1437.0,1170.0,13.569538,67.42547607421875,1.0
test,-1441.3099,1167.8835,-1437.0,1165.0,5.185594,67.42547607421875,1.0
test,-1445.6583,1167.9263,-1437.0,1160.0,11.738499,67.42547607421875,1.0
test,-1447.6068,1172.9884,-1437.0,1165.0,13.278518,67.42547607421875,1.0
test,-1426.4504,1155.8406,-1437.0,1170.0,17.657364,67.42547607421875,1.0
test,-1429.0094,1157.9194,-1437.0,1165.0,10.676334,67.42547607421875,1.0
test,-1416.7673,1147.9902,-1437.0,1170.0,29.89633,67.42547607421875,1.0
test,-1420.2799,1150.8383,-1437.0,1155.0,17.230251,67.42547607421875,1.0
test,-1453.5292,1174.2919,-1437.0,1160.0,21.851114,67.42547607421875,1.0
test,-1437.1542,1164.5128,-1437.0,1170.0,5.489348,67.42547607421875,1.0
test,-1450.582,1175.3983,-1437.0,1165.0,17.105453,67.42547607421875,1.0
test,-1433.0846,1161.2219,-1437.0,1165.0,5.4409795,67.42547607421875,1.0
test,-1498.5477,1210.6663,-1437.0,1160.0,79.71947,67.42547607421875,0.0
test,-1421.4863,1151.8169,-1437.0,1155.0,15.836861,67.42547607421875,1.0
test,-1438.015,1165.2131,-1437.0,1165.0,1.0371505,67.42547607421875,1.0
test,-1453.35,1177.6423,-1437.0,1170.0,18.047909,67.42547607421875,1.0
test,-1423.7982,1153.6912,-1437.0,1170.0,20.982498,67.42547607421875,1.0
test,-1418.8032,1149.643,-1437.0,1155.0,18.968943,67.42547607421875,1.0
test,-1435.9235,1160.045,-1437.0,1160.0,1.07748,67.42547607421875,1.0
test,-1423.9312,1153.8,-1437.0,1155.0,13.12382,67.42547607421875,1.0
test,-1426.7002,1156.0409,-1437.0,1170.0,17.347698,67.42547607421875,1.0
test,-1425.4441,1155.024,-1437.0,1170.0,18.916082,67.42547607421875,1.0
test,-1429.205,1158.0734,-1437.0,1170.0,14.248065,67.42547607421875,1.0
test,-1438.4076,1165.5353,-1437.0,1165.0,1.5059351,67.42547607421875,1.0
test,-1441.1068,1164.2372,-1437.0,1160.0,5.900815,67.42547607421875,1.0
test,-1434.3942,1162.2795,-1437.0,1165.0,3.7671306,67.42547607421875,1.0
test,-1483.849,1198.7991,-1437.0,1160.0,60.829243,67.42547607421875,1.0
test,-1423.677,1153.5936,-1437.0,1155.0,13.39702,67.42547607421875,1.0
test,-1426.9607,1156.2534,-1437.0,1155.0,10.1172495,67.42547607421875,1.0
test,-1436.6506,1164.1124,-1437.0,1165.0,0.9538565,67.42547607421875,1.0
test,-1438.5316,1165.6346,-1437.0,1165.0,1.6578965,67.42547607421875,1.0
test,-1453.6566,1177.884,-1437.0,1170.0,18.428263,67.42547607421875,1.0
test,-1430.504,1159.125,-1437.0,1155.0,7.695016,67.42547607421875,1.0
test,-1418.055,1149.036,-1437.0,1170.0,28.255968,67.42547607421875,1.0
test,-1434.8162,1162.6246,-1437.0,1165.0,3.2266874,67.42547607421875,1.0
test,-1433.9137,1161.8821,-1437.0,1170.0,8.684809,67.42547607421875,1.0
test,-1427.2894,1156.5206,-1437.0,1170.0,16.612906,67.42547607421875,1.0
test,-1473.7264,1190.6019,-1437.0,1160.0,47.804913,67.42547607421875,1.0
test,-1483.2345,1198.289,-1437.0,1160.0,60.03059,67.42547607421875,1.0
test,-1422.3168,1152.4899,-1437.0,1155.0,14.896239,67.42547607421875,1.0
test,-1438.2919,1161.9747,-1437.0,1160.0,2.3597655,67.42547607421875,1.0
test,-1442.0658,1168.497,-1437.0,1165.0,6.1555614,67.42547607421875,1.0
test,-1418.0104,1148.9978,-1437.0,1170.0,28.314274,67.42547607421875,1.0
test,-1425.5233,1155.0883,-1437.0,1155.0,11.477024,67.42547607421875,1.0
test,-1427.1932,1156.4426,-1437.0,1170.0,16.732452,67.42547607421875,1.0
test,-1425.381,1154.9733,-1437.0,1155.0,11.619049,67.42547607421875,1.0
test,-1429.7191,1158.4928,-1437.0,1165.0,9.764986,67.42547607421875,1.0
test,-1434.6118,1162.4576,-1437.0,1165.0,3.4881237,67.42547607421875,1.0
test,-1404.6178,1138.1395,-1437.0,1170.0,45.42793,67.42547607421875,1.0
test,-1441.9054,1168.3689,-1437.0,1165.0,5.950829,67.42547607421875,1.0
test,-1426.2987,1155.7172,-1437.0,1170.0,17.847048,67.42547607421875,1.0
test,-1453.6207,1174.3558,-1437.0,1160.0,21.962208,67.42547607421875,1.0
test,-1458.1844,1178.0416,-1437.0,1160.0,27.825907,67.42547607421875,1.0
test,-1428.6669,1157.6351,-1437.0,1170.0,14.9107685,67.42547607421875,1.0
test,-1429.9491,1158.676,-1437.0,1155.0,7.9516287,67.42547607421875,1.0
test,-1426.995,1156.2823,-1437.0,1155.0,10.08685,67.42547607421875,1.0
test,-1422.1738,1152.3741,-1437.0,1170.0,23.032284,67.42547607421875,1.0
test,-1508.8346,1218.9834,-1437.0,1160.0,92.94756,67.42547607421875,0.0
test,-1554.6777,1256.0219,-1437.0,1160.0,151.88234,67.42547607421875,0.0
test,-1426.8511,1156.1652,-1437.0,1155.0,10.2155905,67.42547607421875,1.0
test,-1427.0907,1156.3602,-1437.0,1155.0,10.002224,67.42547607421875,1.0
test,-1440.118,1166.9203,-1437.0,1165.0,3.6619248,67.42547607421875,1.0
test,-1547.1759,1249.9601,-1437.0,1160.0,142.23764,67.42547607421875,0.0
test,-1438.5306,1165.6266,-1437.0,1170.0,4.6335297,67.42547607421875,1.0
test,-1413.6058,1142.0282,-1437.0,1160.0,29.500383,67.42547607421875,1.0
test,-1437.1787,1164.5366,-1437.0,1170.0,5.466301,67.42547607421875,1.0
test,-1430.1346,1158.826,-1437.0,1170.0,13.114507,67.42547607421875,1.0
test,-1421.6593,1151.9565,-1437.0,1170.0,23.6834,67.42547607421875,1.0
test,-1435.4545,1163.1398,-1437.0,1170.0,7.0321703,67.42547607421875,1.0
test,-1440.4119,1167.1495,-1437.0,1170.0,4.4458933,67.42547607421875,1.0
test,-1414.1659,1145.8884,-1437.0,1165.0,29.776646,67.42547607421875,1.0
test,-1468.7078,1186.5719,-1437.0,1160.0,41.36965,67.42547607421875,1.0
test,-1440.1246,1163.4584,-1437.0,1160.0,4.6608677,67.42547607421875,1.0
test,-1506.4413,1217.0339,-1437.0,1160.0,89.860794,67.42547607421875,0.0
test,-1488.3939,1202.4459,-1437.0,1160.0,66.65577,67.42547607421875,1.0
test,-1427.8728,1156.9944,-1437.0,1170.0,15.88873,67.42547607421875,1.0
test,-1444.2384,1170.2571,-1437.0,1165.0,8.946026,67.42547607421875,1.0
test,-1442.0177,1168.4596,-1437.0,1165.0,6.094761,67.42547607421875,1.0
test,-1436.6903,1164.1428,-1437.0,1165.0,0.9114072,67.42547607421875,1.0
test,-1417.69,1148.7443,-1437.0,1165.0,25.24138,67.42547607421875,1.0
test,-1425.6243,1155.1705,-1437.0,1155.0,11.37701,67.42547607421875,1.0
test,-1430.8864,1155.9807,-1437.0,1160.0,7.3165126,67.42547607421875,1.0
test,-1466.0602,1184.4332,-1437.0,1160.0,37.966785,67.42547607421875,1.0
test,-1422.9644,1153.0157,-1437.0,1155.0,14.17521,67.42547607421875,1.0
test,-1428.3085,1157.3474,-1437.0,1170.0,15.3502655,67.42547607421875,1.0
test,-1434.2096,1162.1293,-1437.0,1165.0,4.0034285,67.42547607421875,1.0
test,-1425.724,1155.2515,-1437.0,1170.0,18.565222,67.42547607421875,1.0
test,-1518.4662,1226.7689,-1437.0,1160.0,105.33199,67.42547607421875,0.0
test,-1433.6488,1161.6779,-1437.0,1165.0,4.7188087,67.42547607421875,1.0
test,-1431.0487,1159.5675,-1437.0,1155.0,7.502,67.42547607421875,1.0
test,-1445.6661,1171.4155,-1437.0,1165.0,10.782436,67.42547607421875,1.0
test,-1349.307,1090.0619,-1437.0,1160.0,112.16684,67.42547607421875,0.0
test,-1512.8866,1222.2361,-1437.0,1160.0,98.14329,67.42547607421875,0.0
test,-1426.9003,1156.2067,-1437.0,1155.0,10.171559,67.42547607421875,1.0
test,-1426.0782,1155.5402,-1437.0,1155.0,10.935102,67.42547607421875,1.0
test,-1440.8389,1164.0289,-1437.0,1160.0,5.5649962,67.42547607421875,1.0
test,-1433.1942,1161.3102,-1437.0,1165.0,5.3008275,67.42547607421875,1.0
test,-1490.9071,1204.4701,-1437.0,1160.0,69.88251,67.42547607421875,0.0
test,-1429.251,1158.1115,-1437.0,1170.0,14.191017,67.42547607421875,1.0
test,-1435.5443,1163.2109,-1437.0,1170.0,6.943371,67.42547607421875,1.0
test,-1446.7378,1172.285,-1437.0,1165.0,12.161263,67.42547607421875,1.0
test,-1505.1724,1216.0203,-1437.0,1160.0,88.23685,67.42547607421875,0.0
test,-1422.3607,1152.5262,-1437.0,1155.0,14.846819,67.42547607421875,1.0
test,-1429.034,1157.9346,-1437.0,1155.0,8.489284,67.42547607421875,1.0
test,-1427.8007,1156.9346,-1437.0,1155.0,9.400555,67.42547607421875,1.0
test,-1418.272,1149.2089,-1437.0,1170.0,27.982323,67.42547607421875,1.0
test,-1420.4241,1147.5331,-1437.0,1160.0,20.740913,67.42547607421875,1.0
test,-1427.362,1156.5792,-1437.0,1170.0,16.522926,67.42547607421875,1.0
test,-1411.6107,1143.8146,-1437.0,1165.0,33.067173,67.42547607421875,1.0
test,-1480.6002,1196.1703,-1437.0,1160.0,56.65041,67.42547607421875,1.0
test,-1430.0013,1158.7198,-1437.0,1155.0,7.925811,67.42547607421875,1.0
test,-1431.4478,1159.8922,-1437.0,1155.0,7.4000793,67.42547607421875,1.0
test,-1436.4369,1163.9384,-1437.0,1165.0,1.2017423,67.42547607421875,1.0
test,-1428.3041,1157.3429,-1437.0,1170.0,15.356477,67.42547607421875,1.0
test,-1428.9271,1157.847,-1437.0,1170.0,14.589915,67.42547607421875,1.0
test,-1441.8612,1168.3315,-1437.0,1165.0,5.893259,67.42547607421875,1.0
test,-1430.5466,1159.1548,-1437.0,1170.0,12.620009,67.42547607421875,1.0
test,-1444.3594,1170.3575,-1437.0,1165.0,9.102949,67.42547607421875,1.0
test,-1409.6556,1138.8292,-1437.0,1160.0,34.582016,67.42547607421875,1.0
test,-1431.7623,1160.1495,-1437.0,1165.0,7.1386414,67.42547607421875,1.0
test,-1434.195,1158.6617,-1437.0,1160.0,3.1079347,67.42547607421875,1.0
test,-1448.7285,1173.894,-1437.0,1165.0,14.719445,67.42547607421875,1.0
test,-1433.4515,1161.5194,-1437.0,1165.0,4.9705224,67.42547607421875,1.0
test,-1443.8923,1166.5186,-1437.0,1160.0,9.486612,67.42547607421875,1.0
test,-1427.3657,1156.5844,-1437.0,1165.0,12.792281,67.42547607421875,1.0
test,-1428.9856,1157.895,-1437.0,1170.0,14.517618,67.42547607421875,1.0
test,-1427.8466,1156.9729,-1437.0,1155.0,9.363645,67.42547607421875,1.0
test,-1384.1163,1118.1962,-1437.0,1160.0,67.410995,67.42547607421875,1.0
test,-1236.5116,998.9441,-1437.0,1160.0,257.1665,67.42547607421875,0.0
test,-1465.8595,1184.2504,-1437.0,1160.0,37.6955,67.42547607421875,1.0
test,-1431.1384,1156.1982,-1437.0,1160.0,6.986515,67.42547607421875,1.0
test,-1432.3593,1160.6273,-1437.0,1170.0,10.458666,67.42547607421875,1.0
test,-1482.6144,1197.8066,-1437.0,1160.0,59.24537,67.42547607421875,1.0
test,-1429.7759,1158.5392,-1437.0,1165.0,9.691752,67.42547607421875,1.0
test,-1420.2037,1150.7777,-1437.0,1155.0,17.31884,67.42547607421875,1.0
test,-1440.066,1166.8788,-1437.0,1165.0,3.595891,67.42547607421875,1.0
test,-1449.5535,1174.5607,-1437.0,1165.0,15.779604,67.42547607421875,1.0
test,-1422.5441,1152.6714,-1437.0,1170.0,22.566675,67.42547607421875,1.0
test,-1502.5121,1213.8632,-1437.0,1160.0,84.81199,67.42547607421875,0.0
test,-1417.174,1148.3226,-1437.0,1155.0,20.920313,67.42547607421875,1.0
test,-1429.3265,1158.1737,-1437.0,1155.0,8.303881,67.42547607421875,1.0
test,-1418.5315,1149.4227,-1437.0,1155.0,19.29227,67.42547607421875,1.0
test,-1436.3922,1163.9017,-1437.0,1165.0,1.2552274,67.42547607421875,1.0
test,-1428.3794,1157.4042,-1437.0,1155.0,8.949575,67.42547607421875,1.0
test,-1439.4518,1166.3802,-1437.0,1165.0,2.8135962,67.42547607421875,1.0
test,-1424.0461,1153.8926,-1437.0,1155.0,13.001108,67.42547607421875,1.0
test,-1422.5052,1152.6428,-1437.0,1155.0,14.685166,67.42547607421875,1.0
test,-1442.5803,1168.9169,-1437.0,1165.0,6.8177614,67.42547607421875,1.0
test,-1444.9916,1170.8695,-1437.0,1165.0,9.915463,67.42547607421875,1.0
test,-1425.694,1155.2281,-1437.0,1155.0,11.308332,67.42547607421875,1.0
test,-1452.7993,1177.1969,-1437.0,1165.0,19.959528,67.42547607421875,1.0
test,-1427.8502,1156.9734,-1437.0,1170.0,15.91889,67.42547607421875,1.0
test,-1441.7781,1168.2648,-1437.0,1165.0,5.7869453,67.42547607421875,1.0
test,-1425.8715,1155.369,-1437.0,1170.0,18.38233,67.42547607421875,1.0
test,-1461.7719,1184.4678,-1437.0,1165.0,31.50617,67.42547607421875,1.0
test,-1426.8931,1156.1985,-1437.0,1170.0,17.106487,67.42547607421875,1.0
test,-1428.2352,1157.2909,-1437.0,1165.0,11.672683,67.42547607421875,1.0
test,-1420.2117,1150.7804,-1437.0,1170.0,25.519428,67.42547607421875,1.0
test,-1434.7363,1162.5603,-1437.0,1165.0,3.3281126,67.42547607421875,1.0
test,-1458.978,1182.2021,-1437.0,1165.0,27.909634,67.42547607421875,1.0
test,-1424.2811,1150.6495,-1437.0,1160.0,15.7860985,67.42547607421875,1.0
test,-1452.4172,1176.8864,-1437.0,1165.0,19.46732,67.42547607421875,1.0
test,-1435.411,1163.1053,-1437.0,1165.0,2.4727714,67.42547607421875,1.0
test,-1422.0708,1152.2915,-1437.0,1155.0,15.172902,67.42547607421875,1.0
test,-1423.3234,1153.3073,-1437.0,1155.0,13.780993,67.42547607421875,1.0
test,-1425.7208,1155.2485,-1437.0,1170.0,18.569477,67.42547607421875,1.0
test,-1458.7579,1178.508,-1437.0,1160.0,28.564941,67.42547607421875,1.0
test,-1497.7642,1210.0326,-1437.0,1160.0,78.71178,67.42547607421875,0.0
test,-1423.2567,1153.2512,-1437.0,1155.0,13.854102,67.42547607421875,1.0
test,-1428.2979,1157.34,-1437.0,1165.0,11.593252,67.42547607421875,1.0
test,-1429.4,1158.2313,-1437.0,1170.0,14.009332,67.42547607421875,1.0
test,-1478.0985,1194.1544,-1437.0,1160.0,53.437923,67.42547607421875,1.0
test,-1483.0447,1198.13,-1437.0,1160.0,59.78302,67.42547607421875,1.0
test,-1417.8436,1148.8635,-1437.0,1155.0,20.11524,67.42547607421875,1.0
test,-1396.1516,1127.9327,-1437.0,1160.0,51.931686,67.42547607421875,1.0
test,-1432.358,1160.6268,-1437.0,1170.0,10.459644,67.42547607421875,1.0
test,-1424.0138,1153.8654,-1437.0,1155.0,13.03568,67.42547607421875,1.0
test,-1505.7836,1216.5013,-1437.0,1160.0,89.014496,67.42547607421875,0.0
test,-1449.8695,1174.8212,-1437.0,1165.0,16.188871,67.42547607421875,1.0
test,-1510.9877,1220.7135,-1437.0,1160.0,95.70948,67.42547607421875,0.0
test,-1423.3724,1153.347,-1437.0,1155.0,13.727445,67.42547607421875,1.0
test,-1427.4998,1156.6888,-1437.0,1170.0,16.35364,67.42547607421875,1.0
test,-1427.3634,1156.5809,-1437.0,1155.0,9.765416,67.42547607421875,1.0
test,-1477.8956,1193.985,-1437.0,1160.0,53.1736,67.42547607421875,1.0
test,-1420.4935,1151.0131,-1437.0,1155.0,16.981144,67.42547607421875,1.0
test,-1465.9054,1184.2885,-1437.0,1160.0,37.755142,67.42547607421875,1.0
test,-1437.8829,1165.1063,-1437.0,1165.0,0.8893132,67.42547607421875,1.0
test,-1398.2914,1129.6449,-1437.0,1160.0,49.191357,67.42547607421875,1.0
test,-1416.6743,1147.9178,-1437.0,1165.0,26.550581,67.42547607421875,1.0
test,-1429.7292,1158.4994,-1437.0,1170.0,13.606171,67.42547607421875,1.0
test,-1537.578,1242.2041,-1437.0,1160.0,129.89784,67.42547607421875,0.0
test,-1430.0653,1158.7716,-1437.0,1170.0,13.197227,67.42547607421875,1.0
test,-1425.5776,1155.1332,-1437.0,1170.0,18.74814,67.42547607421875,1.0
test,-1424.7645,1154.4738,-1437.0,1155.0,12.246785,67.42547607421875,1.0
test,-1426.2389,1155.6691,-1437.0,1170.0,17.921413,67.42547607421875,1.0
test,-1419.0765,1149.8632,-1437.0,1155.0,18.645042,67.42547607421875,1.0
test,-1530.7451,1236.6873,-1437.0,1160.0,121.11598,67.42547607421875,0.0
test,-1434.2101,1162.1296,-1437.0,1165.0,4.0028253,67.42547607421875,1.0
test,-1430.7377,1159.3162,-1437.0,1155.0,7.605657,67.42547607421875,1.0
test,-1522.7113,1230.1952,-1437.0,1160.0,110.787155,67.42547607421875,0.0
test,-1422.7838,1152.8704,-1437.0,1170.0,22.26038,67.42547607421875,1.0
test,-1422.0568,1152.2787,-1437.0,1155.0,15.189006,67.42547607421875,1.0
test,-1434.1183,1162.0521,-1437.0,1170.0,8.454171,67.42547607421875,1.0
test,-1372.9886,1109.2092,-1437.0,1160.0,81.71386,67.42547607421875,0.0
test,-1516.5592,1225.2196,-1437.0,1160.0,102.87499,67.42547607421875,0.0
test,-1531.6704,1237.4398,-1437.0,1160.0,122.30868,67.42547607421875,0.0
test,-1423.2734,1153.2659,-1437.0,1170.0,21.643698,67.42547607421875,1.0
test,-1404.2361,1134.453,-1437.0,1160.0,41.54664,67.42547607421875,1.0
test,-1493.9275,1206.9352,-1437.0,1160.0,73.7811,67.42547607421875,0.0
test,-1439.2764,1166.2351,-1437.0,1170.0,4.399575,67.42547607421875,1.0
test,-1437.3524,1164.678,-1437.0,1165.0,0.4773841,67.42547607421875,1.0
test,-1446.7245,1172.272,-1437.0,1165.0,12.142785,67.42547607421875,1.0
test,-1428.3431,1157.3759,-1437.0,1155.0,8.976966,67.42547607421875,1.0
test,-1447.1718,1169.134,-1437.0,1160.0,13.670959,67.42547607421875,1.0
test,-1471.201,1188.5558,-1437.0,1160.0,44.554962,67.42547607421875,1.0
test,-1430.8812,1159.4299,-1437.0,1155.0,7.5540514,67.42547607421875,1.0
test,-1430.0214,1158.736,-1437.0,1165.0,9.377609,67.42547607421875,1.0
test,-1534.1407,1239.4252,-1437.0,1160.0,125.47782,67.42547607421875,0.0
test,-1424.3256,1154.1143,-1437.0,1170.0,20.322357,67.42547607421875,1.0
test,-1492.3444,1205.6532,-1437.0,1160.0,71.74408,67.42547607421875,0.0
test,-1426.1559,1155.6022,-1437.0,1155.0,10.860823,67.42547607421875,1.0
test,-1459.0126,1182.2303,-1437.0,1165.0,27.954216,67.42547607421875,1.0
test,-1423.5417,1153.4838,-1437.0,1155.0,13.543393,67.42547607421875,1.0
test,-1487.5232,1201.7555,-1437.0,1160.0,65.54475,67.42547607421875,1.0
test,-1429.099,1157.9878,-1437.0,1155.0,8.447054,67.42547607421875,1.0
test,-1425.5145,1155.0812,-1437.0,1155.0,11.485761,67.42547607421875,1.0
test,-1438.8218,1165.8685,-1437.0,1165.0,2.0182214,67.42547607421875,1.0
test,-1439.9865,1166.8131,-1437.0,1165.0,3.493745,67.42547607421875,1.0
test,-1423.5339,1153.4774,-1437.0,1155.0,13.551868,67.42547607421875,1.0
test,-1460.8768,1183.7407,-1437.0,1165.0,30.353216,67.42547607421875,1.0
test,-1423.6006,1153.5323,-1437.0,1155.0,13.479551,67.42547607421875,1.0
test,-1438.9178,1165.9467,-1437.0,1165.0,2.1387596,67.42547607421875,1.0
test,-1437.0426,1164.4286,-1437.0,1165.0,0.57299703,67.42547607421875,1.0
test,-1425.9979,1155.475,-1437.0,1155.0,11.012323,67.42547607421875,1.0
test,-1420.1952,1150.7701,-1437.0,1155.0,17.328974,67.42547607421875,1.0
test,-1483.7427,1198.7065,-1437.0,1160.0,60.688335,67.42547607421875,1.0
test,-1478.6028,1194.5485,-1437.0,1160.0,54.077606,67.42547607421875,1.0
test,-1422.2472,1152.4349,-1437.0,1155.0,14.97414,67.42547607421875,1.0
test,-1427.1117,1156.3771,-1437.0,1170.0,16.83338,67.42547607421875,1.0
test,-1424.6554,1154.3878,-1437.0,1165.0,16.279057,67.42547607421875,1.0
test,-1442.6283,1168.9545,-1437.0,1165.0,6.8786283,67.42547607421875,1.0
test,-1344.911,1086.5217,-1437.0,1160.0,117.81103,67.42547607421875,0.0
test,-1430.2928,1158.9542,-1437.0,1170.0,12.922658,67.42547607421875,1.0
test,-1429.6914,1158.463,-1437.0,1165.0,9.805496,67.42547607421875,1.0
test,-1440.1042,1166.9103,-1437.0,1165.0,3.6449306,67.42547607421875,1.0
test,-1433.2281,1161.3319,-1437.0,1170.0,9.453182,67.42547607421875,1.0
test,-1403.6123,1133.9525,-1437.0,1160.0,42.346306,67.42547607421875,1.0
test,-1429.9423,1158.6671,-1437.0,1170.0,13.350879,67.42547607421875,1.0
test,-1422.4138,1152.5679,-1437.0,1155.0,14.78756,67.42547607421875,1.0
test,-1423.7283,1153.6357,-1437.0,1155.0,13.341663,67.42547607421875,1.0
test,-1458.9901,1182.213,-1437.0,1165.0,27.925846,67.42547607421875,1.0
test,-1437.3829,1164.7045,-1437.0,1165.0,0.4837129,67.42547607421875,1.0
test,-1439.674,1166.56,-1437.0,1165.0,3.0957701,67.42547607421875,1.0
test,-1538.8555,1243.231,-1437.0,1160.0,131.53679,67.42547607421875,0.0
test,-1432.7825,1160.9731,-1437.0,1155.0,7.3120456,67.42547607421875,1.0
test,-1426.432,1155.8239,-1437.0,1170.0,17.681787,67.42547607421875,1.0
test,-1425.1329,1154.7745,-1437.0,1170.0,19.303936,67.42547607421875,1.0
test,-1402.1906,1136.1772,-1437.0,1170.0,48.53531,67.42547607421875,1.0
test,-1540.1237,1244.268,-1437.0,1160.0,133.17497,67.42547607421875,0.0
test,-1514.0887,1223.2292,-1437.0,1160.0,99.70262,67.42547607421875,0.0
test,-1425.6382,1155.1862,-1437.0,1165.0,15.013407,67.42547607421875,1.0
test,-1428.3733,1157.3995,-1437.0,1155.0,8.95421,67.42547607421875,1.0
test,-1398.6996,1129.981,-1437.0,1160.0,48.662766,67.42547607421875,1.0
test,-1442.6655,1165.5048,-1437.0,1160.0,7.8994045,67.42547607421875,1.0
test,-1441.3993,1167.9594,-1437.0,1165.0,5.3020306,67.42547607421875,1.0
test,-1456.2635,1176.5033,-1437.0,1160.0,25.36618,67.42547607421875,1.0
test,-1335.8969,1079.2382,-1437.0,1160.0,129.39986,67.42547607421875,0.0
test,-1437.9176,1165.1383,-1437.0,1165.0,0.9279671,67.42547607421875,1.0
test,-1443.1613,1169.3859,-1437.0,1165.0,7.562861,67.42547607421875,1.0
test,-1420.7235,1151.1984,-1437.0,1155.0,16.71456,67.42547607421875,1.0
test,-1419.0702,1146.4443,-1437.0,1160.0,22.477413,67.42547607421875,1.0
test,-1448.5372,1173.7438,-1437.0,1165.0,14.476233,67.42547607421875,1.0
test,-1385.406,1119.2308,-1437.0,1160.0,65.75762,67.42547607421875,1.0
test,-1488.7582,1202.7533,-1437.0,1160.0,67.132355,67.42547607421875,1.0
test,-1423.475,1153.4276,-1437.0,1155.0,13.616118,67.42547607421875,1.0
test,-1430.2452,1158.9156,-1437.0,1170.0,12.980355,67.42547607421875,1.0
test,-1444.361,1170.3539,-1437.0,1170.0,7.3694634,67.42547607421875,1.0
test,-1557.7867,1258.5452,-1437.0,1160.0,155.88646,67.42547607421875,0.0
test,-1511.7328,1221.3256,-1437.0,1160.0,96.67375,67.42547607421875,0.0
test,-1492.8839,1206.0854,-1437.0,1160.0,72.43535,67.42547607421875,0.0
test,-1427.743,1156.8916,-1437.0,1155.0,9.44825,67.42547607421875,1.0
test,-1442.2123,1168.6165,-1437.0,1170.0,5.392779,67.42547607421875,1.0
test,-1446.2739,1168.4237,-1437.0,1160.0,12.528548,67.42547607421875,1.0
test,-1447.0936,1172.5697,-1437.0,1165.0,12.616724,67.42547607421875,1.0
test,-1479.826,1195.5433,-1437.0,1160.0,55.65428,67.42547607421875,1.0
test,-1431.2635,1159.7406,-1437.0,1170.0,11.754239,67.42547607421875,1.0
test,-1424.3739,1154.1578,-1437.0,1155.0,12.654154,67.42547607421875,1.0
test,-1433.8696,1161.853,-1437.0,1155.0,7.5341363,67.42547607421875,1.0
test,-1452.7684,1173.6755,-1437.0,1160.0,20.87256,67.42547607421875,1.0
test,-1453.1324,1177.4622,-1437.0,1170.0,17.77469,67.42547607421875,1.0
test,-1400.0636,1134.4564,-1437.0,1165.0,47.9292,67.42547607421875,1.0
test,-1425.9327,1155.421,-1437.0,1170.0,18.30385,67.42547607421875,1.0
test,-1420.921,1147.9427,-1437.0,1160.0,20.097534,67.42547607421875,1.0
test,-1426.1166,1155.5702,-1437.0,1155.0,10.898349,67.42547607421875,1.0
test,-1372.4312,1108.7584,-1437.0,1160.0,82.43079,67.42547607421875,0.0
test,-1524.5004,1231.6272,-1437.0,1160.0,113.0786,67.42547607421875,0.0
test,-1425.9576,1155.4392,-1437.0,1155.0,11.051089,67.42547607421875,1.0
test,-1441.7141,1168.2117,-1437.0,1170.0,5.041921,67.42547607421875,1.0
test,-1423.6843,1153.5986,-1437.0,1170.0,21.126099,67.42547607421875,1.0
test,-1427.7234,1156.8717,-1437.0,1155.0,9.463551,67.42547607421875,1.0
test,-1536.3651,1241.2373,-1437.0,1160.0,128.3469,67.42547607421875,0.0
test,-1428.0292,1157.1222,-1437.0,1155.0,9.218428,67.42547607421875,1.0
test,-1481.9807,1197.2725,-1437.0,1160.0,58.416615,67.42547607421875,1.0
test,-1435.6405,1163.2932,-1437.0,1165.0,2.1820529,67.42547607421875,1.0
test,-1429.728,1158.4982,-1437.0,1155.0,8.06962,67.42547607421875,1.0
test,-1423.8567,1153.7394,-1437.0,1170.0,20.908237,67.42547607421875,1.0
test,-1427.1643,1156.421,-1437.0,1155.0,9.937815,67.42547607421875,1.0
test,-1425.4401,1155.0203,-1437.0,1170.0,18.92154,67.42547607421875,1.0
test,-1428.0042,1157.1017,-1437.0,1165.0,11.971161,67.42547607421875,1.0
test,-1425.2308,1154.8527,-1437.0,1155.0,11.770087,67.42547607421875,1.0
test,-1441.6558,1168.166,-1437.0,1165.0,5.630255,67.42547607421875,1.0
test,-1439.9181,1166.7572,-1437.0,1165.0,3.4063196,67.42547607421875,1.0
test,-1425.1931,1154.8195,-1437.0,1170.0,19.23152,67.42547607421875,1.0
test,-1487.4685,1201.6971,-1437.0,1160.0,65.46542,67.42547607421875,1.0
test,-1420.6667,1151.1503,-1437.0,1170.0,24.941683,67.42547607421875,1.0
test,-1387.2174,1120.708,-1437.0,1160.0,63.42056,67.42547607421875,1.0
test,-1469.8917,1187.4935,-1437.0,1160.0,42.8691,67.42547607421875,1.0
test,-1437.5992,1164.8772,-1437.0,1170.0,5.157732,67.42547607421875,1.0
test,-1481.5775,1196.9552,-1437.0,1160.0,57.90373,67.42547607421875,1.0
test,-1438.9508,1165.9727,-1437.0,1165.0,2.17984,67.42547607421875,1.0
test,-1440.1603,1166.9554,-1437.0,1165.0,3.7163317,67.42547607421875,1.0
test,-1420.0719,1150.6685,-1437.0,1170.0,25.695704,67.42547607421875,1.0
test,-1481.9408,1197.244,-1437.0,1160.0,58.36773,67.42547607421875,1.0
test,-1424.8601,1154.5514,-1437.0,1155.0,12.148179,67.42547607421875,1.0
test,-1423.7488,1153.651,-1437.0,1155.0,13.319709,67.42547607421875,1.0
test,-1424.4424,1154.213,-1437.0,1155.0,12.582253,67.42547607421875,1.0
test,-1462.8676,1181.8354,-1437.0,1160.0,33.8514,67.42547607421875,1.0
test,-1444.9052,1170.7975,-1437.0,1165.0,9.803176,67.42547607421875,1.0
test,-1434.7006,1162.5258,-1437.0,1165.0,3.377765,67.42547607421875,1.0
test,-1441.216,1167.8105,-1437.0,1165.0,5.066887,67.42547607421875,1.0
test,-1441.7239,1168.214,-1437.0,1170.0,5.0502324,67.42547607421875,1.0
test,-1418.7345,1149.5791,-1437.0,1170.0,27.397842,67.42547607421875,1.0
test,-1442.7538,1169.0538,-1437.0,1165.0,7.038437,67.42547607421875,1.0
test,-1436.0223,1163.6003,-1437.0,1165.0,1.7072973,67.42547607421875,1.0
test,-1431.1635,1159.6636,-1437.0,1165.0,7.9083962,67.42547607421875,1.0
test,-1420.8713,1151.3184,-1437.0,1155.0,16.543524,67.42547607421875,1.0
test,-1436.8596,1164.2804,-1437.0,1165.0,0.73316944,67.42547607421875,1.0
test,-1426.4374,1155.83,-1437.0,1155.0,10.595179,67.42547607421875,1.0
test,-1396.7172,1128.3735,-1437.0,1160.0,51.21465,67.42547607421875,1.0
test,-1437.8915,1165.1165,-1437.0,1165.0,0.89905363,67.42547607421875,1.0
test,-1493.4213,1206.5226,-1437.0,1160.0,73.12804,67.42547607421875,0.0
test,-1436.3514,1160.4174,-1437.0,1160.0,0.7712441,67.42547607421875,1.0
test,-1464.9707,1183.5302,-1437.0,1160.0,36.55172,67.42547607421875,1.0
test,-1435.669,1159.8605,-1437.0,1160.0,1.3383476,67.42547607421875,1.0
test,-1427.2689,1156.5042,-1437.0,1170.0,16.638264,67.42547607421875,1.0
test,-1423.8806,1153.7568,-1437.0,1155.0,13.178153,67.42547607421875,1.0
test,-1422.2584,1152.4418,-1437.0,1155.0,14.9619055,67.42547607421875,1.0
test,-1417.0712,1148.2386,-1437.0,1170.0,29.507877,67.42547607421875,1.0
test,-1419.8512,1150.4943,-1437.0,1165.0,22.461031,67.42547607421875,1.0
test,-1435.8773,1163.4847,-1437.0,1165.0,1.8858477,67.42547607421875,1.0
test,-1427.33,1156.5525,-1437.0,1170.0,16.563372,67.42547607421875,1.0
test,-1420.3812,1150.9215,-1437.0,1155.0,17.111917,67.42547607421875,1.0
test,-1476.7787,1193.0709,-1437.0,1160.0,51.73036,67.42547607421875,1.0
test,-1443.231,1169.4425,-1437.0,1165.0,7.652495,67.42547607421875,1.0
test,-1434.4468,1162.3241,-1437.0,1165.0,3.6985679,67.42547607421875,1.0
test,-1431.7333,1160.1234,-1437.0,1155.0,7.347635,67.42547607421875,1.0
test,-1420.9203,1151.3582,-1437.0,1170.0,24.618603,67.42547607421875,1.0
test,-1425.3727,1154.9644,-1437.0,1170.0,19.006975,67.42547607421875,1.0
test,-1422.5326,1152.6654,-1437.0,1155.0,14.654563,67.42547607421875,1.0
test,-1444.1046,1170.1499,-1437.0,1165.0,8.774796,67.42547607421875,1.0
test,-1533.1945,1238.6495,-1437.0,1160.0,124.254265,67.42547607421875,0.0
test,-1430.0465,1158.7543,-1437.0,1155.0,7.902253,67.42547607421875,1.0
test,-1451.3489,1176.0176,-1437.0,1165.0,18.090807,67.42547607421875,1.0
test,-1422.6647,1152.7703,-1437.0,1170.0,22.41351,67.42547607421875,1.0
test,-1420.6815,1151.1686,-1437.0,1165.0,21.391611,67.42547607421875,1.0
test,-1422.4464,1152.5958,-1437.0,1155.0,14.750831,67.42547607421875,1.0
test,-1426.9528,1156.2472,-1437.0,1170.0,17.031935,67.42547607421875,1.0
test,-1435.4636,1163.1499,-1437.0,1165.0,2.4048526,67.42547607421875,1.0
test,-1430.2772,1158.9423,-1437.0,1155.0,7.7934055,67.42547607421875,1.0
test,-1421.7468,1152.0282,-1437.0,1155.0,15.539978,67.42547607421875,1.0
test,-1431.8772,1160.2418,-1437.0,1165.0,6.9916644,67.42547607421875,1.0
test,-1451.8569,1176.4327,-1437.0,1165.0,18.746626,67.42547607421875,1.0
test,-1431.9313,1160.2845,-1437.0,1155.0,7.3224587,67.42547607421875,1.0
test,-1433.2909,1161.3854,-1437.0,1170.0,9.37919,67.42547607421875,1.0
test,-1431.1869,1159.6781,-1437.0,1170.0,11.846259,67.42547607421875,1.0
test,-1421.187,1151.5728,-1437.0,1155.0,16.18013,67.42547607421875,1.0
test,-1417.1713,1144.906,-1437.0,1160.0,24.92002,67.42547607421875,1.0
test,-1348.3876,1089.3104,-1437.0,1160.0,113.35421,67.42547607421875,0.0
test,-1440.4088,1167.1569,-1437.0,1165.0,4.0338635,67.42547607421875,1.0
test,-1416.6263,1147.8861,-1437.0,1165.0,26.607729,67.42547607421875,1.0
test,-1424.5178,1154.2762,-1437.0,1170.0,20.075888,67.42547607421875,1.0
test,-1451.804,1176.3839,-1437.0,1170.0,16.121769,67.42547607421875,1.0
test,-1444.138,1170.1766,-1437.0,1165.0,8.817468,67.42547607421875,1.0
test,-1439.7334,1166.608,-1437.0,1165.0,3.1713145,67.42547607421875,1.0
test,-1434.0559,1162.0018,-1437.0,1170.0,8.522816,67.42547607421875,1.0
test,-1431.1598,1159.6622,-1437.0,1165.0,7.912005,67.42547607421875,1.0
test,-1456.7744,1176.9071,-1437.0,1160.0,26.016872,67.42547607421875,1.0
test,-1426.705,1156.047,-1437.0,1170.0,17.33996,67.42547607421875,1.0
test,-1431.0835,1159.5986,-1437.0,1155.0,7.4934936,67.42547607421875,1.0
test,-1378.4691,1116.9647,-1437.0,1165.0,75.71824,67.42547607421875,0.0
test,-1426.2418,1155.6678,-1437.0,1170.0,17.920631,67.42547607421875,1.0
test,-1431.9473,1160.2959,-1437.0,1165.0,6.9035277,67.42547607421875,1.0
test,-1508.2449,1218.4951,-1437.0,1160.0,92.181946,67.42547607421875,0.0
test,-1430.4496,1159.0824,-1437.0,1155.0,7.7184134,67.42547607421875,1.0
test,-1426.8046,1156.1252,-1437.0,1170.0,17.21789,67.42547607421875,1.0
test,-1418.6552,1149.5277,-1437.0,1165.0,23.998442,67.42547607421875,1.0
test,-1473.9642,1190.8029,-1437.0,1160.0,48.11622,67.42547607421875,1.0
test,-1423.004,1153.0479,-1437.0,1155.0,14.131458,67.42547607421875,1.0
test,-1504.701,1215.6334,-1437.0,1160.0,87.627106,67.42547607421875,0.0
test,-1450.6578,1175.4618,-1437.0,1165.0,17.204231,67.42547607421875,1.0
test,-1433.6813,1161.6991,-1437.0,1170.0,8.939739,67.42547607421875,1.0
test,-1434.965,1162.7428,-1437.0,1165.0,3.0391326,67.42547607421875,1.0
test,-1419.3069,1150.0511,-1437.0,1155.0,18.372192,67.42547607421875,1.0
test,-1431.9877,1160.3292,-1437.0,1165.0,6.851248,67.42547607421875,1.0
test,-1374.5658,1110.4725,-1437.0,1160.0,79.69316,67.42547607421875,0.0
test,-1477.7911,1193.9031,-1437.0,1160.0,53.040886,67.42547607421875,1.0
test,-1433.5724,1161.6143,-1437.0,1165.0,4.81786,67.42547607421875,1.0
test,-1390.4846,1123.3378,-1437.0,1160.0,59.22668,67.42547607421875,1.0
test,-1426.682,1156.0264,-1437.0,1170.0,17.370186,67.42547607421875,1.0
test,-1435.453,1163.1388,-1437.0,1165.0,2.4201834,67.42547607421875,1.0
test,-1421.1355,1151.5339,-1437.0,1155.0,16.23872,67.42547607421875,1.0
test,-1429.9064,1158.6398,-1437.0,1155.0,7.972922,67.42547607421875,1.0
test,-1355.4564,1095.0353,-1437.0,1160.0,104.258194,67.42547607421875,0.0
test,-1533.7074,1239.0856,-1437.0,1160.0,124.92737,67.42547607421875,0.0
test,-1439.0419,1166.0487,-1437.0,1165.0,2.2954342,67.42547607421875,1.0
test,-1488.2483,1202.3483,-1437.0,1160.0,66.4813,67.42547607421875,1.0
test,-1425.5443,1155.107,-1437.0,1155.0,11.456189,67.42547607421875,1.0
test,-1419.3915,1150.1188,-1437.0,1155.0,18.272558,67.42547607421875,1.0
test,-1434.0428,1161.9965,-1437.0,1165.0,4.2149744,67.42547607421875,1.0
test,-1427.2617,1156.4995,-1437.0,1155.0,9.853053,67.42547607421875,1.0
test,-1446.5172,1172.1039,-1437.0,1165.0,11.87613,67.42547607421875,1.0
test,-1429.6055,1158.4042,-1437.0,1165.0,9.908784,67.42547607421875,1.0
test,-1426.9652,1156.2592,-1437.0,1155.0,10.113481,67.42547607421875,1.0
test,-1439.9176,1166.7587,-1437.0,1165.0,3.4066575,67.42547607421875,1.0
test,-1437.0529,1160.9733,-1437.0,1160.0,0.9747008,67.42547607421875,1.0
test,-1443.2614,1169.4667,-1437.0,1165.0,7.6912756,67.42547607421875,1.0
test,-1449.2537,1170.8165,-1437.0,1160.0,16.34471,67.42547607421875,1.0
test,-1425.224,1154.8497,-1437.0,1165.0,15.546773,67.42547607421875,1.0
test,-1412.0126,1144.1365,-1437.0,1170.0,35.96239,67.42547607421875,1.0
test,-1454.936,1175.4235,-1437.0,1160.0,23.655539,67.42547607421875,1.0
test,-1426.5647,1155.9327,-1437.0,1155.0,10.476906,67.42547607421875,1.0
test,-1428.7335,1157.691,-1437.0,1170.0,14.827177,67.42547607421875,1.0
test,-1421.2753,1151.6472,-1437.0,1170.0,24.167992,67.42547607421875,1.0
test,-1474.5775,1191.2987,-1437.0,1160.0,48.904793,67.42547607421875,1.0
test,-1444.8276,1170.7374,-1437.0,1165.0,9.705151,67.42547607421875,1.0
test,-1437.9937,1165.1998,-1437.0,1165.0,1.0135466,67.42547607421875,1.0
test,-1431.4841,1159.9199,-1437.0,1155.0,7.391241,67.42547607421875,1.0
test,-1433.56,1161.6031,-1437.0,1165.0,4.8344383,67.42547607421875,1.0
test,-1435.0604,1162.8214,-1437.0,1165.0,2.9168823,67.42547607421875,1.0
test,-1443.924,1170.0039,-1437.0,1165.0,8.542843,67.42547607421875,1.0
test,-1431.3578,1159.8202,-1437.0,1165.0,7.659307,67.42547607421875,1.0
